ec5_uuid,ec5_parent_uuid,created_at,uploaded_at,created_by,title,6_Plot_Name,7_Date,8_Time,lat_9_Plot_Center,long_9_Plot_Center,accuracy_9_Plot_Center,UTM_Northing_9_Plot_Center,UTM_Easting_9_Plot_Center,UTM_Zone_9_Plot_Center,10_Plot_Type,11_Quadrat,35_Graminoids,36_Forbs,37_Moss,38_Lichen,39_Shrub,40_NPV,41_Rock,42_Soil,43_Overall_Green,44_Species_1,45_Species_1,46_Species_2,47_Species_2,48_Species_3,49_Species_3,50_Species_4,51_Species_4,52_Species_5,53_Species_5,55_North_Toward_Cent,56_West_Toward_Cente,57_South_Toward_Cent,58_East_Toward_Cente,59_Photo_Down,60_Plot_Sketch_Photo,61_Plot_Notes
e7acf14e-6e54-435a-b7e1-3a16223d2a48,57fd4d72-6926-458b-b53e-953bf1926df2,2022-09-01T22:55:07.876Z,2022-09-05T16:51:18.000Z,me@kylekovach.com,BERM_0013,BERM_0013,9/1/2022,16:51:31,54.00078,-105.113369,5,5983614,492568,13U,Single Species Patch Tree/Shrub,0,N/A,N/A,N/A,N/A,N/A,N/A,N/A,N/A,N/A,,N/A,,N/A,,N/A,,N/A,,N/A,e7acf14e-6e54-435a-b7e1-3a16223d2a48_1662072796.jpg,e7acf14e-6e54-435a-b7e1-3a16223d2a48_1662072825.jpg,e7acf14e-6e54-435a-b7e1-3a16223d2a48_1662072842.jpg,e7acf14e-6e54-435a-b7e1-3a16223d2a48_1662072878.jpg,e7acf14e-6e54-435a-b7e1-3a16223d2a48_1662072887.jpg,,
da228feb-b1df-41af-9287-bb16fb0d46ba,57fd4d72-6926-458b-b53e-953bf1926df2,2022-09-01T22:26:07.986Z,2022-09-05T16:51:02.000Z,me@kylekovach.com,BERM_0012,BERM_0012,9/1/2022,16:18:22,53.996784,-105.112982,5,5983169,492593,13U,Mixed Species Patch Tree/Shrub,0,10 - 25%,0 - 10%,10 - 25%,N/A,50 - 75%,N/A,N/A,N/A,90 - 100%,Larix laricinia,25 - 50%,Willow,25 - 50%,Grass,25 - 50%,Horsetail,0 - 10%,,N/A,da228feb-b1df-41af-9287-bb16fb0d46ba_1662071046.jpg,da228feb-b1df-41af-9287-bb16fb0d46ba_1662071099.jpg,da228feb-b1df-41af-9287-bb16fb0d46ba_1662071131.jpg,da228feb-b1df-41af-9287-bb16fb0d46ba_1662071160.jpg,da228feb-b1df-41af-9287-bb16fb0d46ba_1662070965.jpg,,
f6acf847-b323-42cd-b85a-bbb1a4e86990,57fd4d72-6926-458b-b53e-953bf1926df2,2022-09-01T19:50:08.631Z,2022-09-05T16:50:56.000Z,me@kylekovach.com,BERM_0011,BERM_0011,9/1/2022,13:45:28,53.801998,-104.617671,5,5961560,525180,13U,Mixed Species Box Ground,0,50 - 75%,25 - 50%,N/A,N/A,25 - 50%,N/A,N/A,N/A,90 - 100%,Sedge,50 - 75%,Equisetum,25 - 50%,Resin birch,25 - 50%,,N/A,,N/A,,,f6acf847-b323-42cd-b85a-bbb1a4e86990_1662061770.jpg,,f6acf847-b323-42cd-b85a-bbb1a4e86990_1662061785.jpg,,
87b77fe2-3ba4-4b42-b096-9f78a9088949,57fd4d72-6926-458b-b53e-953bf1926df2,2022-09-01T19:07:01.519Z,2022-09-05T16:50:51.000Z,me@kylekovach.com,BERM_0010,BERM_0010,9/1/2022,13:03:14,53.802571,-104.609223,5,5961626,525736,13U,Single Species Patch Tree/Shrub,0,N/A,N/A,N/A,N/A,N/A,N/A,N/A,N/A,N/A,,N/A,,N/A,,N/A,,N/A,,N/A,87b77fe2-3ba4-4b42-b096-9f78a9088949_1662059102.jpg,87b77fe2-3ba4-4b42-b096-9f78a9088949_1662059131.jpg,87b77fe2-3ba4-4b42-b096-9f78a9088949_1662059145.jpg,87b77fe2-3ba4-4b42-b096-9f78a9088949_1662059182.jpg,87b77fe2-3ba4-4b42-b096-9f78a9088949_1662059199.jpg,,
6d627605-d16d-454d-bd83-2ea7da174b25,57fd4d72-6926-458b-b53e-953bf1926df2,2022-09-01T18:08:00.521Z,2022-09-05T16:50:45.000Z,me@kylekovach.com,BERM_0009,BERM_0009,9/1/2022,12:02:35,53.876176,-104.632391,5,5969807,524168,13U,Single Species Patch Tree/Shrub,0,N/A,N/A,N/A,N/A,N/A,N/A,N/A,N/A,N/A,,N/A,,N/A,,N/A,,N/A,,N/A,6d627605-d16d-454d-bd83-2ea7da174b25_1662055521.jpg,6d627605-d16d-454d-bd83-2ea7da174b25_1662055552.jpg,6d627605-d16d-454d-bd83-2ea7da174b25_1662055605.jpg,6d627605-d16d-454d-bd83-2ea7da174b25_1662055630.jpg,6d627605-d16d-454d-bd83-2ea7da174b25_1662055673.jpg,,
230b8673-2540-4e8a-b3f3-5e198ccc0d6f,57fd4d72-6926-458b-b53e-953bf1926df2,2022-09-01T17:31:43.875Z,2022-09-05T16:50:34.000Z,me@kylekovach.com,BERM_0008,BERM_0008,9/1/2022,10:58:53,53.91467,-104.639767,5,5974087,523661,13U,Mixed Species Box Ground,4,10 - 25%,50 - 75%,N/A,N/A,0 - 10%,0 - 10%,N/A,10 - 25%,50 - 75%,Bearberry,25 - 50%,Blueberry,10 - 25%,Grass,10 - 25%,,N/A,,N/A,230b8673-2540-4e8a-b3f3-5e198ccc0d6f_1662053377.jpg,230b8673-2540-4e8a-b3f3-5e198ccc0d6f_1662053403.jpg,230b8673-2540-4e8a-b3f3-5e198ccc0d6f_1662053439.jpg,230b8673-2540-4e8a-b3f3-5e198ccc0d6f_1662053470.jpg,230b8673-2540-4e8a-b3f3-5e198ccc0d6f_1662053482.jpg,,
d015d2a1-3557-4a3c-8991-f38b88e98bc8,57fd4d72-6926-458b-b53e-953bf1926df2,2022-09-01T16:48:42.464Z,2022-09-05T16:50:28.000Z,me@kylekovach.com,BERM_0007,BERM_0007,9/1/2022,10:40:55,53.915044,-104.639655,5,5974129,523668,13U,Single Species Patch Tree/Shrub,0,25 - 50%,N/A,N/A,N/A,50 - 75%,N/A,N/A,N/A,75 - 90%,Alder,50 - 75%,,N/A,,N/A,,N/A,,N/A,d015d2a1-3557-4a3c-8991-f38b88e98bc8_1662050720.jpg,d015d2a1-3557-4a3c-8991-f38b88e98bc8_1662050743.jpg,d015d2a1-3557-4a3c-8991-f38b88e98bc8_1662050769.jpg,d015d2a1-3557-4a3c-8991-f38b88e98bc8_1662050789.jpg,d015d2a1-3557-4a3c-8991-f38b88e98bc8_1662050840.jpg,,Moderate amount of grass between and around shrubs.
71790cf9-805f-4d59-9dbe-e90fdf50a86a,57fd4d72-6926-458b-b53e-953bf1926df2,2022-09-01T16:28:27.693Z,2022-09-05T16:50:18.000Z,me@kylekovach.com,BERM_0006,BERM_0006,9/1/2022,10:18:07,53.913911,-104.638575,5,5974003,523740,13U,Mixed Species Patch Tree/Shrub,0,0 - 10%,0 - 10%,N/A,N/A,75 - 90%,0 - 10%,N/A,N/A,75 - 90%,Populus tremuloides,75 - 90%,Alder,10 - 25%,Grass,0 - 10%,,N/A,,N/A,71790cf9-805f-4d59-9dbe-e90fdf50a86a_1662049374.jpg,71790cf9-805f-4d59-9dbe-e90fdf50a86a_1662049435.jpg,71790cf9-805f-4d59-9dbe-e90fdf50a86a_1662049506.jpg,71790cf9-805f-4d59-9dbe-e90fdf50a86a_1662049547.jpg,71790cf9-805f-4d59-9dbe-e90fdf50a86a_1662049654.jpg,,
db015782-ffb7-4904-850e-88de92eea429,57fd4d72-6926-458b-b53e-953bf1926df2,2022-08-31T20:29:34.295Z,2022-09-05T16:50:11.000Z,me@kylekovach.com,BERM_0005,BERM_0005,8/31/2022,14:25:06,53.908432,-104.655688,5,5973388,522618,13U,Single Species Patch Tree/Shrub,1,N/A,N/A,N/A,10 - 25%,0 - 10%,25 - 50%,N/A,N/A,10 - 25%,Pinus banksiana,50 - 75%,Oval leaf,10 - 25%,Lichen,10 - 25%,,0 - 10%,,N/A,db015782-ffb7-4904-850e-88de92eea429_1661977753.jpg,db015782-ffb7-4904-850e-88de92eea429_1661978050.jpg,db015782-ffb7-4904-850e-88de92eea429_1661978073.jpg,db015782-ffb7-4904-850e-88de92eea429_1661978106.jpg,db015782-ffb7-4904-850e-88de92eea429_1661977985.jpg,,
768e7941-808e-46e5-9351-97f25dd4b5eb,57fd4d72-6926-458b-b53e-953bf1926df2,2022-08-31T19:24:51.998Z,2022-09-05T16:50:03.000Z,me@kylekovach.com,BERM_0004,BERM_0004,8/31/2022,13:19:49,53.944803,-104.648944,5,5977437,523041,13U,Single Species Patch Tree/Shrub,2,N/A,0 - 10%,N/A,25 - 50%,N/A,25 - 50%,N/A,N/A,25 - 50%,Picea mariana,25 - 50%,Lichen,25 - 50%,Oval leaf,10 - 25%,,N/A,,N/A,768e7941-808e-46e5-9351-97f25dd4b5eb_1661974048.jpg,768e7941-808e-46e5-9351-97f25dd4b5eb_1661974094.jpg,768e7941-808e-46e5-9351-97f25dd4b5eb_1661974101.jpg,768e7941-808e-46e5-9351-97f25dd4b5eb_1661974159.jpg,768e7941-808e-46e5-9351-97f25dd4b5eb_1661974173.jpg,,
c40acb1c-29d2-4961-8561-7dbe881dd8bf,57fd4d72-6926-458b-b53e-953bf1926df2,2022-08-31T17:11:44.208Z,2022-09-05T16:49:49.000Z,me@kylekovach.com,BERM_0003,BERM_0003,8/31/2022,11:09:16,53.999758,-105.113204,6,5983500,492579,13U,Single Species Patch Tree/Shrub,0,N/A,N/A,0 - 10%,N/A,N/A,10 - 25%,N/A,N/A,50 - 75%,Pice mariana,50 - 75%,Moss,25 - 50%,Horse tail,0 - 10%,,N/A,,N/A,c40acb1c-29d2-4961-8561-7dbe881dd8bf_1661965860.jpg,,,,c40acb1c-29d2-4961-8561-7dbe881dd8bf_1661965896.jpg,,
7b7b3298-e71f-41b8-b1a1-2f8ba7239baa,57fd4d72-6926-458b-b53e-953bf1926df2,2022-08-31T16:53:24.032Z,2022-09-05T16:49:53.000Z,me@kylekovach.com,BERM_0002,BERM_0002,8/31/2022,10:47:39,53.998056,-105.113125,5,5983311,492584,13U,Single Species Patch Tree/Shrub,0,N/A,0 - 10%,0 - 10%,N/A,0 - 10%,0 - 10%,N/A,N/A,75 - 90%,Larix laricinia,75 - 90%,Willow,10 - 25%,Moss,0 - 10%,,N/A,,N/A,7b7b3298-e71f-41b8-b1a1-2f8ba7239baa_1661964786.jpg,,,,7b7b3298-e71f-41b8-b1a1-2f8ba7239baa_1661966284.jpg,,
f51779fb-7c69-4cbc-92a5-e2cf3bc370a1,57fd4d72-6926-458b-b53e-953bf1926df2,2022-08-30T21:02:07.117Z,2022-09-05T16:49:38.000Z,me@kylekovach.com,BERM_0001,BERM_0001,8/30/2022,14:49:21,53.915702,-104.691308,5,5974186,520275,13U,Single Species Patch Tree/Shrub,1,N/A,N/A,10 - 25%,25 - 50%,N/A,0 - 10%,N/A,N/A,50 - 75%,Pinus banksiana,50 - 75%,Lichen,25 - 50%,Moss,10 - 25%,,N/A,,N/A,f51779fb-7c69-4cbc-92a5-e2cf3bc370a1_1661893143.jpg,f51779fb-7c69-4cbc-92a5-e2cf3bc370a1_1661893180.jpg,f51779fb-7c69-4cbc-92a5-e2cf3bc370a1_1661893212.jpg,f51779fb-7c69-4cbc-92a5-e2cf3bc370a1_1661893241.jpg,f51779fb-7c69-4cbc-92a5-e2cf3bc370a1_1661893273.jpg,,
920f7c06-7d78-476b-ae9a-4e036b06cead,57fd4d72-6926-458b-b53e-953bf1926df2,2022-08-30T19:32:37.335Z,2022-09-05T16:49:25.000Z,me@kylekovach.com,BERM_0000,BERM_0000,8/30/2022,13:29:52,53.914802,-104.691055,5,5974086,520292,13U,Single Species Patch Tree/Shrub,1,N/A,50 - 75%,25 - 50%,N/A,50 - 75%,10 - 25%,N/A,N/A,75 - 90%,Pinus Banksiana,50 - 75%,Green Alder,25 - 50%,Oval Leaf Berry,25 - 50%,Moss,10 - 25%,Wild Sasperilla,0 - 10%,920f7c06-7d78-476b-ae9a-4e036b06cead_1661888566.jpg,920f7c06-7d78-476b-ae9a-4e036b06cead_1661888581.jpg,920f7c06-7d78-476b-ae9a-4e036b06cead_1661888602.jpg,920f7c06-7d78-476b-ae9a-4e036b06cead_1661888634.jpg,920f7c06-7d78-476b-ae9a-4e036b06cead_1661888684.jpg,,
1663f886-7cf2-41d7-ae7f-6f9a2c95ed25,a7d6e722-4732-465d-82ab-56f9bfaeb348,2022-08-10T22:23:37.516Z,2022-08-11T22:11:21.000Z,me@kylekovach.com,FAIR_0009,FAIR_0009,8/10/2022,14:20:33,64.980868,-147.902749,4,7206626,457400,6W,Single Species Patch Tree/Shrub,0,N/A,N/A,N/A,N/A,10 - 25%,75 - 90%,N/A,N/A,10 - 25%,,N/A,,N/A,,N/A,,N/A,,N/A,1663f886-7cf2-41d7-ae7f-6f9a2c95ed25_1660170135.jpg,1663f886-7cf2-41d7-ae7f-6f9a2c95ed25_1660170161.jpg,1663f886-7cf2-41d7-ae7f-6f9a2c95ed25_1660170186.jpg,1663f886-7cf2-41d7-ae7f-6f9a2c95ed25_1660170208.jpg,1663f886-7cf2-41d7-ae7f-6f9a2c95ed25_1660170089.jpg,,
8de2b259-497d-45a3-8be1-0794b451d189,a7d6e722-4732-465d-82ab-56f9bfaeb348,2022-08-10T22:03:05.890Z,2022-08-17T22:08:35.000Z,me@kylekovach.com,FAIR_0008,FAIR_0008,8/10/2022,13:52:00,64.972527,-147.916922,4,7205706,456717,6W,Mixed Species Box Ground,4,10 - 25%,0 - 10%,0 - 10%,0 - 10%,50 - 75%,25 - 50%,N/A,N/A,50 - 75%,Ledum groenlandicum,25 - 50%,Alder,10 - 25%,,N/A,,N/A,,N/A,8de2b259-497d-45a3-8be1-0794b451d189_1660168788.jpg,8de2b259-497d-45a3-8be1-0794b451d189_1660168808.jpg,8de2b259-497d-45a3-8be1-0794b451d189_1660168838.jpg,8de2b259-497d-45a3-8be1-0794b451d189_1660168885.jpg,8de2b259-497d-45a3-8be1-0794b451d189_1660168963.jpg,,
8628f67e-4f2b-48a2-8acb-04a5c0985da6,a7d6e722-4732-465d-82ab-56f9bfaeb348,2022-08-10T20:34:15.439Z,2022-08-17T22:08:33.000Z,me@kylekovach.com,FAR_0007,FAR_0007,8/10/2022,12:27:29,64.947039,-148.30398,4,7203187,438390,6W,Single Species Box Ground,2,0 - 10%,0 - 10%,N/A,0 - 10%,25 - 50%,50 - 75%,N/A,N/A,25 - 50%,Betula glandulosa,25 - 50%,,N/A,,N/A,,N/A,,N/A,8628f67e-4f2b-48a2-8acb-04a5c0985da6_1660163587.jpg,8628f67e-4f2b-48a2-8acb-04a5c0985da6_1660163604.jpg,8628f67e-4f2b-48a2-8acb-04a5c0985da6_1660163565.jpg,8628f67e-4f2b-48a2-8acb-04a5c0985da6_1660163624.jpg,8628f67e-4f2b-48a2-8acb-04a5c0985da6_1660163639.jpg,,Firescar
5c00cd99-4885-47f6-8bf2-339a1c07266b,a7d6e722-4732-465d-82ab-56f9bfaeb348,2022-08-10T20:22:10.939Z,2022-08-17T22:08:31.000Z,me@kylekovach.com,FAIR_0006,FAIR_0006,8/10/2022,12:09:32,64.946931,-148.304519,5,7203175,438364,6W,Mixed Species Box Ground,4,25 - 50%,0 - 10%,0 - 10%,N/A,50 - 75%,10 - 25%,N/A,N/A,75 - 90%,Ledum groenlandicum,10 - 25%,Betula nana,10 - 25%,Blueberry,10 - 25%,Grass 1,0 - 10%,Sedge 1,10 - 25%,5c00cd99-4885-47f6-8bf2-339a1c07266b_1660162830.jpg,5c00cd99-4885-47f6-8bf2-339a1c07266b_1660162849.jpg,5c00cd99-4885-47f6-8bf2-339a1c07266b_1660162875.jpg,5c00cd99-4885-47f6-8bf2-339a1c07266b_1660162898.jpg,5c00cd99-4885-47f6-8bf2-339a1c07266b_1660162915.jpg,,Firescar
3cc231bb-b19b-4711-8b9c-fac7cc9d4ed0,a7d6e722-4732-465d-82ab-56f9bfaeb348,2022-08-10T19:38:24.345Z,2022-08-17T22:08:29.000Z,me@kylekovach.com,FAIR_0005,FAIR_0005,8/10/2022,11:26:04,64.958943,-148.377702,4,7204587,434936,6W,Mixed Species Box Ground,4,10 - 25%,0 - 10%,10 - 25%,0 - 10%,50 - 75%,10 - 25%,0 - 10%,N/A,75 - 90%,Vaccinium uliginosum,10 - 25%,Betula nana,10 - 25%,,N/A,,N/A,,N/A,3cc231bb-b19b-4711-8b9c-fac7cc9d4ed0_1660160204.jpg,3cc231bb-b19b-4711-8b9c-fac7cc9d4ed0_1660160235.jpg,3cc231bb-b19b-4711-8b9c-fac7cc9d4ed0_1660160249.jpg,3cc231bb-b19b-4711-8b9c-fac7cc9d4ed0_1660160278.jpg,3cc231bb-b19b-4711-8b9c-fac7cc9d4ed0_1660160294.jpg,,
0e47bbf9-6ee2-4df7-a55b-63bec9eb6643,a7d6e722-4732-465d-82ab-56f9bfaeb348,2022-08-10T18:50:37.274Z,2022-08-11T22:10:17.000Z,me@kylekovach.com,FAIR_0004,FAIR_0004,8/10/2022,10:43:22,64.952591,-148.36544,4,7203867,435500,6W,Mixed Species Patch Tree/Shrub,0,25 - 50%,25 - 50%,0 - 10%,N/A,N/A,10 - 25%,N/A,N/A,75 - 90%,Fireweed,25 - 50%,,N/A,,N/A,,N/A,,N/A,0e47bbf9-6ee2-4df7-a55b-63bec9eb6643_1660157254.jpg,0e47bbf9-6ee2-4df7-a55b-63bec9eb6643_1660157298.jpg,0e47bbf9-6ee2-4df7-a55b-63bec9eb6643_1660157377.jpg,0e47bbf9-6ee2-4df7-a55b-63bec9eb6643_1660157410.jpg,0e47bbf9-6ee2-4df7-a55b-63bec9eb6643_1660157180.jpg,,
9d492603-75f0-4a3f-a50e-e1a3adf7d333,4225abbb-913a-4fdd-b454-23abd7da79c2,2022-08-08T23:07:22.935Z,2022-08-11T22:13:17.000Z,me@kylekovach.com,KENA_0004,KENA_0004,8/8/2022,15:03:46,60.468926,-150.164694,8,6706992,655870,5V,Mixed Species Patch Tree/Shrub,0,N/A,0 - 10%,0 - 10%,N/A,N/A,90 - 100%,N/A,N/A,0 - 10%,,N/A,,N/A,,N/A,,N/A,,N/A,9d492603-75f0-4a3f-a50e-e1a3adf7d333_1659999896.jpg,9d492603-75f0-4a3f-a50e-e1a3adf7d333_1659999924.jpg,9d492603-75f0-4a3f-a50e-e1a3adf7d333_1659999975.jpg,9d492603-75f0-4a3f-a50e-e1a3adf7d333_1660000016.jpg,9d492603-75f0-4a3f-a50e-e1a3adf7d333_1659999872.jpg,,
113615a8-ddd1-43ec-862d-cb5c74eaeb4c,4225abbb-913a-4fdd-b454-23abd7da79c2,2022-08-08T22:45:22.238Z,2022-08-11T22:13:10.000Z,me@kylekovach.com,KENA_0003,KENA_0003,8/8/2022,14:44:07,60.468052,-150.163826,4,6706897,655922,5V,Single Species Box Ground,0,N/A,90 - 100%,N/A,N/A,N/A,10 - 25%,N/A,N/A,75 - 90%,Fireweed,75 - 90%,,N/A,,N/A,,N/A,,N/A,,,,,113615a8-ddd1-43ec-862d-cb5c74eaeb4c_1659998701.jpg,,
3af7d8e3-b3b6-4c85-aedc-d02bc534bfc7,4225abbb-913a-4fdd-b454-23abd7da79c2,2022-08-08T22:32:27.203Z,2022-08-11T22:12:58.000Z,me@kylekovach.com,KENA_0002,KENA_0002,8/8/2022,14:27:36,60.467581,-150.162967,4,6706847,655972,5V,Single Species Patch Tree/Shrub,0,10 - 25%,0 - 10%,0 - 10%,N/A,50 - 75%,10 - 25%,N/A,N/A,75 - 90%,Bramble,25 - 50%,Rose,10 - 25%,Horsetail,10 - 25%,,N/A,,N/A,3af7d8e3-b3b6-4c85-aedc-d02bc534bfc7_1659997817.jpg,3af7d8e3-b3b6-4c85-aedc-d02bc534bfc7_1659997842.jpg,3af7d8e3-b3b6-4c85-aedc-d02bc534bfc7_1659997906.jpg,3af7d8e3-b3b6-4c85-aedc-d02bc534bfc7_1659997932.jpg,3af7d8e3-b3b6-4c85-aedc-d02bc534bfc7_1659997776.jpg,,
54f1f2ac-81a3-418b-a55f-db201521db65,4225abbb-913a-4fdd-b454-23abd7da79c2,2022-08-08T21:03:56.310Z,2022-08-17T22:10:11.000Z,me@kylekovach.com,KENA_0001,KENA_0001,8/8/2022,12:52:56,60.523242,-150.559094,4,6712170,633971,5V,Mixed Species Box Ground,3,0 - 10%,50 - 75%,25 - 50%,N/A,50 - 75%,10 - 25%,N/A,N/A,75 - 90%,Betula nana,25 - 50%,Ledum decumbens,10 - 25%,Vaccinium uliginosum,10 - 25%,Andromeda polifolia,10 - 25%,,N/A,54f1f2ac-81a3-418b-a55f-db201521db65_1659992558.jpg,54f1f2ac-81a3-418b-a55f-db201521db65_1659992576.jpg,54f1f2ac-81a3-418b-a55f-db201521db65_1659992591.jpg,54f1f2ac-81a3-418b-a55f-db201521db65_1659992610.jpg,54f1f2ac-81a3-418b-a55f-db201521db65_1659992627.jpg,,
b522b68e-e4eb-45be-bced-3f7b9807a514,4225abbb-913a-4fdd-b454-23abd7da79c2,2022-08-08T20:12:10.001Z,2022-08-11T22:12:36.000Z,me@kylekovach.com,KENA_0000,KENA_0000,8/8/2022,12:08:54,60.517991,-150.55513,4,6711594,634210,5V,Mixed Species Patch Tree/Shrub,0,0 - 10%,0 - 10%,10 - 25%,N/A,0 - 10%,75 - 90%,N/A,N/A,10 - 25%,,N/A,,N/A,,N/A,,N/A,,N/A,b522b68e-e4eb-45be-bced-3f7b9807a514_1659989452.jpg,b522b68e-e4eb-45be-bced-3f7b9807a514_1659989474.jpg,b522b68e-e4eb-45be-bced-3f7b9807a514_1659989490.jpg,b522b68e-e4eb-45be-bced-3f7b9807a514_1659989508.jpg,b522b68e-e4eb-45be-bced-3f7b9807a514_1659989520.jpg,,
f38c1b14-d7e5-447a-af4b-0cf8e269e014,e954c48c-2ac1-452a-9253-76dfb45295b8,2022-08-06T21:40:28.725Z,2022-08-11T22:12:23.000Z,me@kylekovach.com,HAIN_0006,HAIN_0006,8/6/2022,14:36:36,61.145977,-138.575798,4,6781465,630492,7V,Mixed Species Box Tree/Shrub and Ground,0,N/A,N/A,25 - 50%,N/A,N/A,50 - 75%,N/A,N/A,N/A,,N/A,,N/A,,N/A,,N/A,,N/A,f38c1b14-d7e5-447a-af4b-0cf8e269e014_1659821917.jpg,f38c1b14-d7e5-447a-af4b-0cf8e269e014_1659821948.jpg,f38c1b14-d7e5-447a-af4b-0cf8e269e014_1659821966.jpg,f38c1b14-d7e5-447a-af4b-0cf8e269e014_1659821991.jpg,f38c1b14-d7e5-447a-af4b-0cf8e269e014_1659822012.jpg,,
2d8de196-02cf-4976-88ee-ea593f37bdd1,e954c48c-2ac1-452a-9253-76dfb45295b8,2022-08-06T21:06:25.992Z,2022-08-11T22:12:17.000Z,me@kylekovach.com,HAIN_0005,HAIN_0005,8/6/2022,14:03:13,61.144689,-138.582631,4,6781308,630129,7V,Single Species Patch Tree/Shrub,0,N/A,N/A,N/A,N/A,10 - 25%,75 - 90%,N/A,N/A,10 - 25%,,N/A,,N/A,,N/A,,N/A,,N/A,2d8de196-02cf-4976-88ee-ea593f37bdd1_1659819897.jpg,2d8de196-02cf-4976-88ee-ea593f37bdd1_1659819918.jpg,2d8de196-02cf-4976-88ee-ea593f37bdd1_1659819941.jpg,2d8de196-02cf-4976-88ee-ea593f37bdd1_1659819960.jpg,2d8de196-02cf-4976-88ee-ea593f37bdd1_1659819975.jpg,,
790a56dc-81a8-43c1-8735-ae745cb503f2,e954c48c-2ac1-452a-9253-76dfb45295b8,2022-08-06T20:33:26.591Z,2022-08-11T22:12:13.000Z,me@kylekovach.com,HAIN_0004,HAIN_0004,8/6/2022,13:29:09,61.089906,-138.540329,4,6775294,632635,7V,Mixed Species Patch Tree/Shrub,0,0 - 10%,25 - 50%,10 - 25%,N/A,10 - 25%,25 - 50%,10 - 25%,N/A,N/A,,N/A,,N/A,,N/A,,N/A,,N/A,790a56dc-81a8-43c1-8735-ae745cb503f2_1659817922.jpg,790a56dc-81a8-43c1-8735-ae745cb503f2_1659817942.jpg,790a56dc-81a8-43c1-8735-ae745cb503f2_1659817961.jpg,790a56dc-81a8-43c1-8735-ae745cb503f2_1659817977.jpg,790a56dc-81a8-43c1-8735-ae745cb503f2_1659817993.jpg,,
14ec9c31-f551-457f-b94f-137a3448dd64,e954c48c-2ac1-452a-9253-76dfb45295b8,2022-08-06T20:08:02.057Z,2022-08-17T22:10:08.000Z,me@kylekovach.com,HAIN_0003,HAIN_0003,8/6/2022,13:03:04,61.085241,-138.548342,5,6774758,632223,7V,Mixed Species Box Ground,2,0 - 10%,0 - 10%,0 - 10%,10 - 25%,10 - 25%,25 - 50%,10 - 25%,25 - 50%,25 - 50%,Artemisia alaskana/frigida,10 - 25%,,N/A,,N/A,,N/A,,N/A,14ec9c31-f551-457f-b94f-137a3448dd64_1659816398.jpg,14ec9c31-f551-457f-b94f-137a3448dd64_1659816414.jpg,14ec9c31-f551-457f-b94f-137a3448dd64_1659816440.jpg,14ec9c31-f551-457f-b94f-137a3448dd64_1659816459.jpg,14ec9c31-f551-457f-b94f-137a3448dd64_1659816473.jpg,,
794abbe3-eec3-4de9-9b8e-20c1bccee0da,e954c48c-2ac1-452a-9253-76dfb45295b8,2022-08-06T19:58:40.220Z,2022-08-17T22:10:07.000Z,me@kylekovach.com,HAIN_0002,HAIN_0002,8/6/2022,12:47:13,61.085281,-138.548244,6,6774763,632228,7V,Mixed Species Box Ground,4,10 - 25%,10 - 25%,N/A,N/A,50 - 75%,10 - 25%,0 - 10%,0 - 10%,50 - 75%,Arctostaphylos uva-ursi,25 - 50%,Juniperus horizontalis,10 - 25%,,N/A,,N/A,,N/A,794abbe3-eec3-4de9-9b8e-20c1bccee0da_1659815827.jpg,794abbe3-eec3-4de9-9b8e-20c1bccee0da_1659815848.jpg,794abbe3-eec3-4de9-9b8e-20c1bccee0da_1659815872.jpg,794abbe3-eec3-4de9-9b8e-20c1bccee0da_1659815889.jpg,794abbe3-eec3-4de9-9b8e-20c1bccee0da_1659815908.jpg,,
d3a28a98-853a-4c47-b70d-03d2a73ea4a4,e954c48c-2ac1-452a-9253-76dfb45295b8,2022-08-06T18:35:08.176Z,2022-08-11T22:11:43.000Z,me@kylekovach.com,HAIN_0001,HAIN_0001,8/6/2022,11:28:33,60.989443,-138.491587,5,6764209,635691,7V,Mixed Species Patch Tree/Shrub,0,0 - 10%,0 - 10%,10 - 25%,N/A,25 - 50%,50 - 75%,N/A,N/A,25 - 50%,,N/A,,N/A,,N/A,,N/A,,N/A,d3a28a98-853a-4c47-b70d-03d2a73ea4a4_1659810669.jpg,d3a28a98-853a-4c47-b70d-03d2a73ea4a4_1659810743.jpg,d3a28a98-853a-4c47-b70d-03d2a73ea4a4_1659810821.jpg,d3a28a98-853a-4c47-b70d-03d2a73ea4a4_1659810899.jpg,d3a28a98-853a-4c47-b70d-03d2a73ea4a4_1659810601.jpg,,
9297cff7-8db5-44a4-a75a-f4c44a8d4a81,e954c48c-2ac1-452a-9253-76dfb45295b8,2022-08-06T18:07:38.978Z,2022-08-17T22:10:05.000Z,me@kylekovach.com,HAIN_0000,HAIN_0000,8/6/2022,10:55:21,60.989537,-138.495274,4,6764212,635491,7V,Mixed Species Box Ground,4,0 - 10%,10 - 25%,N/A,N/A,50 - 75%,25 - 50%,N/A,N/A,50 - 75%,Arctostaphylos uva-ursi,25 - 50%,Shepherdia canadensis,10 - 25%,Juniperus communis,10 - 25%,Vetch,10 - 25%,,N/A,9297cff7-8db5-44a4-a75a-f4c44a8d4a81_1659809154.jpg,9297cff7-8db5-44a4-a75a-f4c44a8d4a81_1659809175.jpg,9297cff7-8db5-44a4-a75a-f4c44a8d4a81_1659809222.jpg,9297cff7-8db5-44a4-a75a-f4c44a8d4a81_1659809248.jpg,9297cff7-8db5-44a4-a75a-f4c44a8d4a81_1659809104.jpg,,
884b9322-d673-448d-8253-e73a1363c2ff,1f6b78b9-6eba-4d32-bfe4-cec8610b56f9,2022-08-04T19:51:01.269Z,2022-08-06T05:33:21.000Z,me@kylekovach.com,SKAG_0016,SKAG_0016,8/4/2022,11:40:06,59.530931,-135.405575,4,6599243,477058,8V,Mixed Species Patch Tree/Shrub,0,10 - 25%,50 - 75%,0 - 10%,N/A,N/A,25 - 50%,N/A,N/A,50 - 75%,,N/A,,N/A,,N/A,,N/A,,N/A,884b9322-d673-448d-8253-e73a1363c2ff_1659642515.jpg,884b9322-d673-448d-8253-e73a1363c2ff_1659642554.jpg,884b9322-d673-448d-8253-e73a1363c2ff_1659642590.jpg,884b9322-d673-448d-8253-e73a1363c2ff_1659642629.jpg,884b9322-d673-448d-8253-e73a1363c2ff_1659642652.jpg,,
b52552e6-8d52-4cdd-a240-b20fab24ee94,1f6b78b9-6eba-4d32-bfe4-cec8610b56f9,2022-08-04T18:38:07.004Z,2022-08-17T22:09:56.000Z,me@kylekovach.com,SKAG_0015,SKAG_0015,8/4/2022,10:28:15,59.489074,-135.359538,4,6594567,479637,8V,Single Species Box Ground,3,10 - 25%,75 - 90%,0 - 10%,N/A,N/A,0 - 10%,N/A,10 - 25%,75 - 90%,Potentilla egedii spp. grandis,50 - 75%,,N/A,,N/A,,N/A,,N/A,b52552e6-8d52-4cdd-a240-b20fab24ee94_1659638179.jpg,b52552e6-8d52-4cdd-a240-b20fab24ee94_1659638206.jpg,b52552e6-8d52-4cdd-a240-b20fab24ee94_1659638235.jpg,b52552e6-8d52-4cdd-a240-b20fab24ee94_1659638260.jpg,b52552e6-8d52-4cdd-a240-b20fab24ee94_1659638277.jpg,,"Forb could also be Argentina anserina, but potentilla occurs more often near saltwater 

I tried to google it and I think potentilla egedii and Argentina egedii are the same thing?? Potentilla egedii is what it says in the flower book"
8ddf4625-cd2f-4b53-8223-eb86483c6a42,1f6b78b9-6eba-4d32-bfe4-cec8610b56f9,2022-08-04T18:24:10.289Z,2022-08-06T05:33:00.000Z,me@kylekovach.com,SKAG_0014,SKAG_0014,8/4/2022,10:18:47,59.488894,-135.359222,5,6594547,479655,8V,Single Species Box Ground,2,50 - 75%,10 - 25%,N/A,N/A,N/A,10 - 25%,N/A,0 - 10%,75 - 90%,,N/A,,N/A,,N/A,,N/A,,N/A,8ddf4625-cd2f-4b53-8223-eb86483c6a42_1659637372.jpg,8ddf4625-cd2f-4b53-8223-eb86483c6a42_1659637391.jpg,8ddf4625-cd2f-4b53-8223-eb86483c6a42_1659637415.jpg,8ddf4625-cd2f-4b53-8223-eb86483c6a42_1659637440.jpg,8ddf4625-cd2f-4b53-8223-eb86483c6a42_1659637319.jpg,,
0fd339ba-53e6-419d-9aed-56f397e2a508,1f6b78b9-6eba-4d32-bfe4-cec8610b56f9,2022-08-03T22:40:18.780Z,2022-08-17T22:09:54.000Z,me@kylekovach.com,SKAG_0013,SKAG_0013,8/3/2022,14:34:57,59.529845,-135.406708,9,6599123,476993,8V,Single Species Patch Tree/Shrub,0,N/A,10 - 25%,25 - 50%,N/A,50 - 75%,0 - 10%,N/A,N/A,90 - 100%,Vaccinium ovalifolium/alaskaense,50 - 75%,,N/A,,N/A,,N/A,,N/A,0fd339ba-53e6-419d-9aed-56f397e2a508_1659566303.jpg,0fd339ba-53e6-419d-9aed-56f397e2a508_1659566346.jpg,0fd339ba-53e6-419d-9aed-56f397e2a508_1659566376.jpg,0fd339ba-53e6-419d-9aed-56f397e2a508_1659566409.jpg,0fd339ba-53e6-419d-9aed-56f397e2a508_1659566253.jpg,,"Can’t tell from pictures which kind of blueberry it was, and I think both were occurring in the area so it might be a mixture"
bb96efcc-5326-4832-9f74-3e1161c67450,1f6b78b9-6eba-4d32-bfe4-cec8610b56f9,2022-08-03T20:16:13.866Z,2022-08-17T22:09:52.000Z,me@kylekovach.com,SKAG_0012,SKAG_0012,8/3/2022,12:08:24,59.500972,-135.354898,4,6595891,479907,8V,Mixed Species Box Ground,3,10 - 25%,50 - 75%,0 - 10%,N/A,N/A,10 - 25%,N/A,N/A,75 - 90%,Lathyrus maritimus,25 - 50%,Achillea,10 - 25%,,N/A,,N/A,,N/A,bb96efcc-5326-4832-9f74-3e1161c67450_1659557684.jpg,bb96efcc-5326-4832-9f74-3e1161c67450_1659557705.jpg,bb96efcc-5326-4832-9f74-3e1161c67450_1659557728.jpg,bb96efcc-5326-4832-9f74-3e1161c67450_1659557747.jpg,bb96efcc-5326-4832-9f74-3e1161c67450_1659557763.jpg,,"Not 100% sure on L. maritimus, but it’s definitely in the fabaceae family and Alex ( the national park guy) thought it was beach pea"
20184c01-5303-4d1e-b8d0-21658863e624,1f6b78b9-6eba-4d32-bfe4-cec8610b56f9,2022-08-03T19:58:02.356Z,2022-08-17T22:09:49.000Z,me@kylekovach.com,SKAG_0011,SKAG_0011,8/3/2022,11:47:47,59.501678,-135.35245,4,6595969,480046,8V,Mixed Species Box Ground,2,50 - 75%,10 - 25%,N/A,N/A,10 - 25%,N/A,N/A,N/A,90 - 100%,Achillea borealis,10 - 25%,Epilobium angustifolium,10 - 25%,,N/A,,N/A,,N/A,20184c01-5303-4d1e-b8d0-21658863e624_1659556505.jpg,20184c01-5303-4d1e-b8d0-21658863e624_1659556546.jpg,20184c01-5303-4d1e-b8d0-21658863e624_1659556585.jpg,20184c01-5303-4d1e-b8d0-21658863e624_1659556634.jpg,20184c01-5303-4d1e-b8d0-21658863e624_1659556660.jpg,,
8e742a49-d7e8-452c-9617-c88f56af964c,1f6b78b9-6eba-4d32-bfe4-cec8610b56f9,2022-08-03T19:37:04.941Z,2022-08-06T05:32:23.000Z,me@kylekovach.com,SKAG_0010,SKAG_0010,8/3/2022,11:31:33,59.501329,-135.3538,4,6595930,479969,8V,Single Species Patch Tree/Shrub,0,0 - 10%,N/A,10 - 25%,N/A,N/A,75 - 90%,N/A,N/A,10 - 25%,,N/A,,N/A,,N/A,,N/A,,N/A,8e742a49-d7e8-452c-9617-c88f56af964c_1659555178.jpg,8e742a49-d7e8-452c-9617-c88f56af964c_1659555208.jpg,8e742a49-d7e8-452c-9617-c88f56af964c_1659555259.jpg,8e742a49-d7e8-452c-9617-c88f56af964c_1659555298.jpg,,,Trimble north west of center
7129c3b4-df45-43da-82f0-a78856febe04,1f6b78b9-6eba-4d32-bfe4-cec8610b56f9,2022-08-03T18:00:48.699Z,2022-08-06T05:32:04.000Z,me@kylekovach.com,SKAG_0009,SKAG_0009,8/3/2022,9:56:10,59.505922,-135.350309,5,6596441,480170,8V,Single Species Patch Tree/Shrub,0,10 - 25%,0 - 10%,0 - 10%,N/A,10 - 25%,50 - 75%,N/A,10 - 25%,25 - 50%,,N/A,,N/A,,N/A,,N/A,,N/A,7129c3b4-df45-43da-82f0-a78856febe04_1659549537.jpg,7129c3b4-df45-43da-82f0-a78856febe04_1659549561.jpg,7129c3b4-df45-43da-82f0-a78856febe04_1659549583.jpg,7129c3b4-df45-43da-82f0-a78856febe04_1659549620.jpg,7129c3b4-df45-43da-82f0-a78856febe04_1659549640.jpg,,
72e8bedf-73d8-41e5-899c-08b246a9c667,1f6b78b9-6eba-4d32-bfe4-cec8610b56f9,2022-08-02T22:25:32.787Z,2022-08-06T05:31:57.000Z,me@kylekovach.com,SKAG_0008,SKAG_0008,8/2/2022,14:22:50,59.45905,-135.327956,5,6591215,481409,8V,Single Species Patch Tree/Shrub,0,N/A,N/A,0 - 10%,N/A,N/A,75 - 90%,0 - 10%,N/A,0 - 10%,,N/A,,N/A,,N/A,,N/A,,N/A,72e8bedf-73d8-41e5-899c-08b246a9c667_1659479042.jpg,72e8bedf-73d8-41e5-899c-08b246a9c667_1659479066.jpg,72e8bedf-73d8-41e5-899c-08b246a9c667_1659479085.jpg,72e8bedf-73d8-41e5-899c-08b246a9c667_1659479122.jpg,72e8bedf-73d8-41e5-899c-08b246a9c667_1659479019.jpg,,
040d69f3-3695-4b40-8e7b-de680dbc947c,1f6b78b9-6eba-4d32-bfe4-cec8610b56f9,2022-08-02T22:16:39.775Z,2022-08-17T22:09:47.000Z,me@kylekovach.com,SKAG_0007,SKAG_0007,8/2/2022,14:09:21,59.459187,-135.32797,5,6591230,481408,8V,Single Species Patch Tree/Shrub,0,N/A,0 - 10%,10 - 25%,0 - 10%,25 - 50%,50 - 75%,N/A,N/A,50 - 75%,Cornus stolonifera,10 - 25%,Viburnum edule,25 - 50%,,N/A,,N/A,,N/A,040d69f3-3695-4b40-8e7b-de680dbc947c_1659478398.jpg,040d69f3-3695-4b40-8e7b-de680dbc947c_1659478427.jpg,040d69f3-3695-4b40-8e7b-de680dbc947c_1659478466.jpg,040d69f3-3695-4b40-8e7b-de680dbc947c_1659478515.jpg,040d69f3-3695-4b40-8e7b-de680dbc947c_1659478588.jpg,,
66854a28-1c9e-487d-9887-8d66b3e9cef0,1f6b78b9-6eba-4d32-bfe4-cec8610b56f9,2022-08-02T21:49:51.468Z,2022-08-17T22:09:45.000Z,me@kylekovach.com,SKAG_0006,SKAG_0006,8/2/2022,13:41:13,59.459302,-135.328028,4,6591243,481405,8V,Mixed Species Patch Tree/Shrub,0,0 - 10%,0 - 10%,10 - 25%,N/A,50 - 75%,25 - 50%,10 - 25%,N/A,50 - 75%,Viburnum edule,50 - 75%,,N/A,,N/A,,N/A,,N/A,66854a28-1c9e-487d-9887-8d66b3e9cef0_1659476815.jpg,66854a28-1c9e-487d-9887-8d66b3e9cef0_1659476853.jpg,66854a28-1c9e-487d-9887-8d66b3e9cef0_1659476986.jpg,66854a28-1c9e-487d-9887-8d66b3e9cef0_1659476942.jpg,66854a28-1c9e-487d-9887-8d66b3e9cef0_1659476879.jpg,,
c5ba36c0-48ff-4777-a620-03ca7d0da2ca,1f6b78b9-6eba-4d32-bfe4-cec8610b56f9,2022-08-02T19:17:58.091Z,2022-08-06T05:25:05.000Z,me@kylekovach.com,SKAG_0005,SKAG_0005,8/2/2022,11:14:10,59.483584,-135.284055,5,6593935,483909,8V,Single Species Patch Tree/Shrub,0,0 - 10%,0 - 10%,0 - 10%,N/A,10 - 25%,75 - 90%,N/A,N/A,10 - 25%,,N/A,,N/A,,N/A,,N/A,,N/A,c5ba36c0-48ff-4777-a620-03ca7d0da2ca_1659467789.jpg,c5ba36c0-48ff-4777-a620-03ca7d0da2ca_1659467808.jpg,c5ba36c0-48ff-4777-a620-03ca7d0da2ca_1659467829.jpg,c5ba36c0-48ff-4777-a620-03ca7d0da2ca_1659467852.jpg,c5ba36c0-48ff-4777-a620-03ca7d0da2ca_1659467868.jpg,,
3f21a0d6-83a5-4938-b177-ffde09ac646f,1f6b78b9-6eba-4d32-bfe4-cec8610b56f9,2022-08-02T18:40:48.138Z,2022-08-17T22:10:00.000Z,me@kylekovach.com,SKAG_0004,SKAG_0004,8/2/2022,10:35:47,59.483655,-135.28404,4,6593943,483910,8V,Single Species Patch Tree/Shrub,0,0 - 10%,25 - 50%,N/A,N/A,N/A,50 - 75%,N/A,N/A,25 - 50%,Dryopteris dilatata,25 - 50%,,N/A,,N/A,,N/A,,N/A,3f21a0d6-83a5-4938-b177-ffde09ac646f_1659465545.jpg,3f21a0d6-83a5-4938-b177-ffde09ac646f_1659465573.jpg,3f21a0d6-83a5-4938-b177-ffde09ac646f_1659465593.jpg,3f21a0d6-83a5-4938-b177-ffde09ac646f_1659465616.jpg,3f21a0d6-83a5-4938-b177-ffde09ac646f_1659465631.jpg,,
0959e37d-9347-4ff8-96c6-1e00acc98499,1f6b78b9-6eba-4d32-bfe4-cec8610b56f9,2022-08-02T00:50:48.319Z,2022-08-06T05:24:44.000Z,me@kylekovach.com,SKAG_0003,SKAG_0003,8/1/2022,16:46:59,59.462366,-135.332642,5,6591585,481145,8V,Single Species Patch Tree/Shrub,0,N/A,90 - 100%,75 - 90%,10 - 25%,0 - 10%,10 - 25%,0 - 10%,N/A,75 - 90%,,N/A,,N/A,,N/A,,N/A,,N/A,0959e37d-9347-4ff8-96c6-1e00acc98499_1659401324.jpg,0959e37d-9347-4ff8-96c6-1e00acc98499_1659401384.jpg,0959e37d-9347-4ff8-96c6-1e00acc98499_1659401408.jpg,0959e37d-9347-4ff8-96c6-1e00acc98499_1659401430.jpg,0959e37d-9347-4ff8-96c6-1e00acc98499_1659401345.jpg,,
46c87c11-e670-48db-bdbf-411456bdb4da,1f6b78b9-6eba-4d32-bfe4-cec8610b56f9,2022-08-01T23:18:59.069Z,2022-08-17T22:09:59.000Z,me@kylekovach.com,SKAG_0002,SKAG_0002,8/1/2022,15:13:56,59.529484,-135.34776,5,6599064,480328,8V,Single Species Patch Tree/Shrub,0,N/A,75 - 90%,0 - 10%,0 - 10%,0 - 10%,10 - 25%,N/A,N/A,75 - 90%,Dyopteris dilatata,50 - 75%,,N/A,,N/A,,N/A,,N/A,46c87c11-e670-48db-bdbf-411456bdb4da_1659395805.jpg,46c87c11-e670-48db-bdbf-411456bdb4da_1659395846.jpg,46c87c11-e670-48db-bdbf-411456bdb4da_1659395880.jpg,46c87c11-e670-48db-bdbf-411456bdb4da_1659395904.jpg,46c87c11-e670-48db-bdbf-411456bdb4da_1659395925.jpg,,Fern could also be lady fern (anthurium Filix-femina)
614ab777-9da8-4347-acee-2ceb862bc90d,1f6b78b9-6eba-4d32-bfe4-cec8610b56f9,2022-08-01T22:53:28.707Z,2022-08-17T22:09:57.000Z,me@kylekovach.com,SKAG_0001,SKAG_0001,8/1/2022,14:48:37,59.531015,-135.345703,4,6599234,480445,8V,Single Species Patch Tree/Shrub,0,10 - 25%,50 - 75%,0 - 10%,0 - 10%,0 - 10%,10 - 25%,N/A,N/A,75 - 90%,Dryopteris dilatata,10 - 25%,Pyrolla asarifolia,25 - 50%,,N/A,,N/A,,N/A,614ab777-9da8-4347-acee-2ceb862bc90d_1659394291.jpg,614ab777-9da8-4347-acee-2ceb862bc90d_1659394316.jpg,614ab777-9da8-4347-acee-2ceb862bc90d_1659394347.jpg,614ab777-9da8-4347-acee-2ceb862bc90d_1659394372.jpg,614ab777-9da8-4347-acee-2ceb862bc90d_1659394391.jpg,,
bc7fe54f-dfe6-447f-b781-62de8763af8c,1f6b78b9-6eba-4d32-bfe4-cec8610b56f9,2022-08-01T22:35:55.215Z,2022-08-17T22:10:02.000Z,me@kylekovach.com,SKAG_0000,SKAG_0000,8/1/2022,14:31:20,59.530898,-135.345793,6,6599221,480440,8V,Single Species Patch Tree/Shrub,0,0 - 10%,50 - 75%,N/A,N/A,10 - 25%,10 - 25%,N/A,0 - 10%,75 - 90%,Pyrolla asarifolia,50 - 75%,,N/A,,N/A,,N/A,,N/A,bc7fe54f-dfe6-447f-b781-62de8763af8c_1659393241.jpg,bc7fe54f-dfe6-447f-b781-62de8763af8c_1659393276.jpg,bc7fe54f-dfe6-447f-b781-62de8763af8c_1659393304.jpg,bc7fe54f-dfe6-447f-b781-62de8763af8c_1659393324.jpg,bc7fe54f-dfe6-447f-b781-62de8763af8c_1659393333.jpg,,
dc4125da-b8c6-4ac4-807f-480eb7c60746,ffa84a25-c77b-430d-a1e2-de2bd05328f6,2022-07-31T22:23:08.598Z,2022-08-01T03:57:59.000Z,me@kylekovach.com,WHIT_0012,WHIT_0012,7/31/2022,15:19:22,60.900977,-135.47196,4,6751849,474394,8V,Single Species Patch Tree/Shrub,0,0 - 10%,0 - 10%,N/A,0 - 10%,0 - 10%,75 - 90%,0 - 10%,N/A,75 - 90%,,N/A,,N/A,,N/A,,N/A,,N/A,dc4125da-b8c6-4ac4-807f-480eb7c60746_1659306096.jpg,dc4125da-b8c6-4ac4-807f-480eb7c60746_1659306112.jpg,dc4125da-b8c6-4ac4-807f-480eb7c60746_1659306131.jpg,dc4125da-b8c6-4ac4-807f-480eb7c60746_1659306153.jpg,dc4125da-b8c6-4ac4-807f-480eb7c60746_1659306164.jpg,,
8c74cfa8-3618-4eaa-a1d2-e5be92796758,ffa84a25-c77b-430d-a1e2-de2bd05328f6,2022-07-31T20:34:55.332Z,2022-08-01T03:57:49.000Z,me@kylekovach.com,WHIT_0011,WHIT_0011,7/31/2022,13:28:09,60.755079,-136.13519,4,6736042,438132,8V,Single Species Box Ground,2,50 - 75%,10 - 25%,N/A,N/A,10 - 25%,10 - 25%,N/A,N/A,75 - 90%,,N/A,,N/A,,N/A,,N/A,,N/A,8c74cfa8-3618-4eaa-a1d2-e5be92796758_1659299627.jpg,8c74cfa8-3618-4eaa-a1d2-e5be92796758_1659299643.jpg,8c74cfa8-3618-4eaa-a1d2-e5be92796758_1659299665.jpg,8c74cfa8-3618-4eaa-a1d2-e5be92796758_1659299690.jpg,8c74cfa8-3618-4eaa-a1d2-e5be92796758_1659299308.jpg,,
a68b0561-66d3-453b-9021-dd855a56dcbc,ffa84a25-c77b-430d-a1e2-de2bd05328f6,2022-07-31T20:11:02.818Z,2022-08-17T22:09:43.000Z,me@kylekovach.com,WHIT_0010,WHIT_0010,7/31/2022,13:03:46,60.755271,-136.136243,4,6736064,438075,8V,Mixed Species Box Tree/Shrub and Ground,3,10 - 25%,25 - 50%,N/A,N/A,25 - 50%,10 - 25%,N/A,N/A,75 - 90%,Rosa acicularis,25 - 50%,Epilobium angustifolium,10 - 25%,Fragaria virginiana,10 - 25%,,N/A,,N/A,a68b0561-66d3-453b-9021-dd855a56dcbc_1659298194.jpg,a68b0561-66d3-453b-9021-dd855a56dcbc_1659298207.jpg,a68b0561-66d3-453b-9021-dd855a56dcbc_1659298220.jpg,a68b0561-66d3-453b-9021-dd855a56dcbc_1659298238.jpg,a68b0561-66d3-453b-9021-dd855a56dcbc_1659298251.jpg,,Rose could also be woods rose (Rosa woodsii) but it’s more rare and habitat matches prickly rose better
46882a90-3077-4ce6-a01b-9cf5f3a5be40,ffa84a25-c77b-430d-a1e2-de2bd05328f6,2022-07-31T19:33:52.088Z,2022-08-01T03:57:14.000Z,me@kylekovach.com,WHIT_0009,WHIT_0009,7/31/2022,12:25:06,60.801472,-135.995644,4,6741085,445815,8V,Mixed Species Box Ground,5,0 - 10%,25 - 50%,N/A,N/A,50 - 75%,10 - 25%,N/A,N/A,75 - 90%,,N/A,,N/A,,N/A,,N/A,,N/A,46882a90-3077-4ce6-a01b-9cf5f3a5be40_1659295959.jpg,46882a90-3077-4ce6-a01b-9cf5f3a5be40_1659295979.jpg,46882a90-3077-4ce6-a01b-9cf5f3a5be40_1659296001.jpg,46882a90-3077-4ce6-a01b-9cf5f3a5be40_1659296026.jpg,46882a90-3077-4ce6-a01b-9cf5f3a5be40_1659295955.jpg,,
a76f69aa-853f-4101-bca2-e5ae6f8d2dea,ffa84a25-c77b-430d-a1e2-de2bd05328f6,2022-07-31T19:11:44.839Z,2022-08-01T03:57:05.000Z,me@kylekovach.com,WHIT_0008,WHIT_0008,7/31/2022,12:08:01,60.802192,-135.994004,4,6741164,445905,8V,Single Species Patch Tree/Shrub,0,0 - 10%,10 - 25%,N/A,N/A,N/A,75 - 90%,N/A,N/A,10 - 25%,,N/A,,N/A,,N/A,,N/A,,N/A,a76f69aa-853f-4101-bca2-e5ae6f8d2dea_1659294560.jpg,a76f69aa-853f-4101-bca2-e5ae6f8d2dea_1659294583.jpg,a76f69aa-853f-4101-bca2-e5ae6f8d2dea_1659294606.jpg,a76f69aa-853f-4101-bca2-e5ae6f8d2dea_1659294670.jpg,a76f69aa-853f-4101-bca2-e5ae6f8d2dea_1659294688.jpg,,
9609be9f-0b1d-40e6-bad3-980e023ee6dc,ffa84a25-c77b-430d-a1e2-de2bd05328f6,2022-07-31T18:32:00.637Z,2022-08-17T22:09:41.000Z,me@kylekovach.com,WHIT_0007,WHIT_0007,7/31/2022,11:16:28,60.800984,-135.999649,5,6741034,445596,8V,Mixed Species Patch Tree/Shrub,3,10 - 25%,25 - 50%,0 - 10%,N/A,0 - 10%,25 - 50%,N/A,N/A,50 - 75%,Fragaria virginiana,25 - 50%,Epilobium angustifolium,10 - 25%,Horsetail,25 - 50%,,N/A,,N/A,9609be9f-0b1d-40e6-bad3-980e023ee6dc_1659292110.jpg,9609be9f-0b1d-40e6-bad3-980e023ee6dc_1659292138.jpg,9609be9f-0b1d-40e6-bad3-980e023ee6dc_1659292241.jpg,9609be9f-0b1d-40e6-bad3-980e023ee6dc_1659292300.jpg,9609be9f-0b1d-40e6-bad3-980e023ee6dc_1659292316.jpg,,
db4b94e0-f5ea-44ce-acd5-cef56ea63b00,ffa84a25-c77b-430d-a1e2-de2bd05328f6,2022-07-30T23:09:58.584Z,2022-08-01T03:56:34.000Z,me@kylekovach.com,WHIT_0006,WHIT_0006,7/30/2022,16:05:11,61.303116,-135.553988,4,6796676,470323,8V,Single Species Patch Tree/Shrub,0,0 - 10%,N/A,25 - 50%,0 - 10%,10 - 25%,50 - 75%,N/A,N/A,25 - 50%,,N/A,,N/A,,N/A,,N/A,,N/A,db4b94e0-f5ea-44ce-acd5-cef56ea63b00_1659222501.jpg,db4b94e0-f5ea-44ce-acd5-cef56ea63b00_1659222521.jpg,db4b94e0-f5ea-44ce-acd5-cef56ea63b00_1659222541.jpg,db4b94e0-f5ea-44ce-acd5-cef56ea63b00_1659222557.jpg,db4b94e0-f5ea-44ce-acd5-cef56ea63b00_1659222574.jpg,,
76807b0e-0a8c-4b9e-b071-332a8dc0bdea,ffa84a25-c77b-430d-a1e2-de2bd05328f6,2022-07-30T20:03:51.828Z,2022-08-01T03:56:28.000Z,me@kylekovach.com,WHIT_0005,WHIT_0005,7/30/2022,12:59:42,60.651567,-135.162362,4,6723989,491122,8V,Single Species Patch Tree/Shrub,0,0 - 10%,10 - 25%,0 - 10%,0 - 10%,25 - 50%,25 - 50%,N/A,0 - 10%,50 - 75%,,N/A,,N/A,,N/A,,N/A,,N/A,76807b0e-0a8c-4b9e-b071-332a8dc0bdea_1659211350.jpg,76807b0e-0a8c-4b9e-b071-332a8dc0bdea_1659211368.jpg,76807b0e-0a8c-4b9e-b071-332a8dc0bdea_1659211386.jpg,76807b0e-0a8c-4b9e-b071-332a8dc0bdea_1659211406.jpg,76807b0e-0a8c-4b9e-b071-332a8dc0bdea_1659211420.jpg,,
f2920f4d-f3a5-410e-be3c-eebd13206f50,ffa84a25-c77b-430d-a1e2-de2bd05328f6,2022-07-30T19:42:02.384Z,2022-08-17T22:09:39.000Z,me@kylekovach.com,WHIT_0004,WHIT_0004,7/30/2022,12:37:44,60.651241,-135.159356,5,6723952,491286,8V,Single Species Patch Tree/Shrub,0,0 - 10%,10 - 25%,N/A,N/A,25 - 50%,25 - 50%,N/A,N/A,90 - 100%,Cornus canadensis,10 - 25%,,N/A,,N/A,,N/A,,N/A,f2920f4d-f3a5-410e-be3c-eebd13206f50_1659210052.jpg,f2920f4d-f3a5-410e-be3c-eebd13206f50_1659210070.jpg,f2920f4d-f3a5-410e-be3c-eebd13206f50_1659210093.jpg,f2920f4d-f3a5-410e-be3c-eebd13206f50_1659210116.jpg,f2920f4d-f3a5-410e-be3c-eebd13206f50_1659210016.jpg,,
3b4b03df-4321-4ec6-a290-570662495fcd,ffa84a25-c77b-430d-a1e2-de2bd05328f6,2022-07-30T19:04:50.248Z,2022-08-01T03:55:50.000Z,me@kylekovach.com,WHIT_0003,WHIT_0003,7/30/2022,11:57:52,60.646739,-135.184192,5,6723454,489927,8V,Mixed Species Box Ground,3,25 - 50%,N/A,0 - 10%,25 - 50%,0 - 10%,25 - 50%,N/A,N/A,25 - 50%,,N/A,,N/A,,N/A,,N/A,,N/A,3b4b03df-4321-4ec6-a290-570662495fcd_1659207833.jpg,3b4b03df-4321-4ec6-a290-570662495fcd_1659207844.jpg,3b4b03df-4321-4ec6-a290-570662495fcd_1659207858.jpg,3b4b03df-4321-4ec6-a290-570662495fcd_1659207875.jpg,3b4b03df-4321-4ec6-a290-570662495fcd_1659207884.jpg,,
5e8bbdc6-996a-4293-91df-d5bd0b3c273a,ffa84a25-c77b-430d-a1e2-de2bd05328f6,2022-07-30T18:39:26.999Z,2022-08-01T03:55:32.000Z,me@kylekovach.com,WHIT_0002,WHIT_0002,7/30/2022,11:29:52,60.645087,-135.185076,4,6723270,489878,8V,Mixed Species Box Tree/Shrub and Ground,0,10 - 25%,0 - 10%,0 - 10%,0 - 10%,10 - 25%,50 - 75%,N/A,25 - 50%,25 - 50%,,N/A,,N/A,,N/A,,N/A,,N/A,5e8bbdc6-996a-4293-91df-d5bd0b3c273a_1659206253.jpg,5e8bbdc6-996a-4293-91df-d5bd0b3c273a_1659206289.jpg,5e8bbdc6-996a-4293-91df-d5bd0b3c273a_1659206312.jpg,5e8bbdc6-996a-4293-91df-d5bd0b3c273a_1659206331.jpg,5e8bbdc6-996a-4293-91df-d5bd0b3c273a_1659206361.jpg,,
0f89f279-8573-4031-89aa-a91a01f13ebc,ffa84a25-c77b-430d-a1e2-de2bd05328f6,2022-07-30T18:12:26.895Z,2022-08-01T03:55:23.000Z,me@kylekovach.com,WHIT_0001,WHIT_0001,7/30/2022,11:08:41,60.644906,-135.186687,4,6723250,489790,8V,Single Species Patch Tree/Shrub,0,10 - 25%,N/A,50 - 75%,0 - 10%,0 - 10%,10 - 25%,N/A,N/A,75 - 90%,,N/A,,N/A,,N/A,,N/A,,N/A,0f89f279-8573-4031-89aa-a91a01f13ebc_1659204614.jpg,0f89f279-8573-4031-89aa-a91a01f13ebc_1659204647.jpg,0f89f279-8573-4031-89aa-a91a01f13ebc_1659204673.jpg,0f89f279-8573-4031-89aa-a91a01f13ebc_1659204717.jpg,0f89f279-8573-4031-89aa-a91a01f13ebc_1659204742.jpg,,
9de9c515-8351-4f27-bfeb-a406644c7d78,ffa84a25-c77b-430d-a1e2-de2bd05328f6,2022-07-30T17:51:54.341Z,2022-08-01T03:55:10.000Z,me@kylekovach.com,WHIT_0000,WHIT_0000,7/30/2022,10:45:53,60.644846,-135.18607,5,6723244,489824,8V,Single Species Patch Tree/Shrub,0,10 - 25%,0 - 10%,50 - 75%,N/A,10 - 25%,10 - 25%,N/A,90 - 100%,75 - 90%,,N/A,,N/A,,N/A,,N/A,,N/A,9de9c515-8351-4f27-bfeb-a406644c7d78_1659203356.jpg,9de9c515-8351-4f27-bfeb-a406644c7d78_1659203381.jpg,9de9c515-8351-4f27-bfeb-a406644c7d78_1659203430.jpg,9de9c515-8351-4f27-bfeb-a406644c7d78_1659203468.jpg,9de9c515-8351-4f27-bfeb-a406644c7d78_1659203505.jpg,,
b5f4cee3-555b-41ee-b0fc-aff05aa23b84,04099152-cbe1-4af4-9996-2431191b64a0,2022-07-28T22:32:20.568Z,2022-08-17T22:09:37.000Z,me@kylekovach.com,DAWS_0021,DAWS_0021,7/28/2022,15:29:05,64.672233,-138.393283,4,7174484,624401,7W,Single Species Patch Tree/Shrub,0,0 - 10%,25 - 50%,25 - 50%,N/A,0 - 10%,25 - 50%,N/A,N/A,50 - 75%,Epilobium angustifolium,25 - 50%,,N/A,,N/A,,N/A,,N/A,b5f4cee3-555b-41ee-b0fc-aff05aa23b84_1659047450.jpg,b5f4cee3-555b-41ee-b0fc-aff05aa23b84_1659047467.jpg,b5f4cee3-555b-41ee-b0fc-aff05aa23b84_1659047485.jpg,b5f4cee3-555b-41ee-b0fc-aff05aa23b84_1659047519.jpg,b5f4cee3-555b-41ee-b0fc-aff05aa23b84_1659047536.jpg,,
55759216-e5d7-47f4-8dec-ac5a6cf5a0f1,04099152-cbe1-4af4-9996-2431191b64a0,2022-07-28T22:25:39.382Z,2022-08-17T22:09:35.000Z,me@kylekovach.com,DAWS_0020,DAWS_0020,7/28/2022,15:22:51,64.672393,-138.39312,4,7174502,624408,7W,Single Species Patch Tree/Shrub,0,0 - 10%,50 - 75%,N/A,N/A,N/A,25 - 50%,N/A,N/A,50 - 75%,Epilobium angustifolium,25 - 50%,Petasites frigidus,25 - 50%,,N/A,,N/A,,N/A,55759216-e5d7-47f4-8dec-ac5a6cf5a0f1_1659047054.jpg,55759216-e5d7-47f4-8dec-ac5a6cf5a0f1_1659047067.jpg,55759216-e5d7-47f4-8dec-ac5a6cf5a0f1_1659047088.jpg,55759216-e5d7-47f4-8dec-ac5a6cf5a0f1_1659047115.jpg,55759216-e5d7-47f4-8dec-ac5a6cf5a0f1_1659047132.jpg,,
b4146905-71c8-41f3-8c51-9848047c7eb1,04099152-cbe1-4af4-9996-2431191b64a0,2022-07-28T22:14:04.698Z,2022-08-17T22:09:33.000Z,me@kylekovach.com,DAWS_0019,DAWS_0019,7/28/2022,15:04:31,64.672767,-138.393803,5,7174543,624373,7W,Mixed Species Box Tree/Shrub and Ground,4,0 - 10%,50 - 75%,25 - 50%,0 - 10%,10 - 25%,10 - 25%,N/A,N/A,75 - 90%,Epilobium angustifolium,50 - 75%,,N/A,,N/A,,N/A,,N/A,b4146905-71c8-41f3-8c51-9848047c7eb1_1659046339.jpg,b4146905-71c8-41f3-8c51-9848047c7eb1_1659046353.jpg,b4146905-71c8-41f3-8c51-9848047c7eb1_1659046383.jpg,b4146905-71c8-41f3-8c51-9848047c7eb1_1659046401.jpg,b4146905-71c8-41f3-8c51-9848047c7eb1_1659046420.jpg,,
db75ec84-4387-4c1b-b0bb-1d3d024c1263,04099152-cbe1-4af4-9996-2431191b64a0,2022-07-28T21:40:44.958Z,2022-08-17T22:09:32.000Z,me@kylekovach.com,DAWS_0018,DAWS_0018,7/28/2022,14:33:12,64.735372,-138.360771,4,7181580,625658,7W,Mixed Species Box Ground,3,25 - 50%,10 - 25%,0 - 10%,0 - 10%,50 - 75%,10 - 25%,N/A,N/A,75 - 90%,Tussock grass,25 - 50%,Salix,25 - 50%,Betula nana,25 - 50%,,N/A,,N/A,db75ec84-4387-4c1b-b0bb-1d3d024c1263_1659044366.jpg,db75ec84-4387-4c1b-b0bb-1d3d024c1263_1659044383.jpg,db75ec84-4387-4c1b-b0bb-1d3d024c1263_1659044401.jpg,db75ec84-4387-4c1b-b0bb-1d3d024c1263_1659044424.jpg,db75ec84-4387-4c1b-b0bb-1d3d024c1263_1659044437.jpg,,B. Nana could also be resin birch (Betula glandulosa)
eef8c47d-91d1-4c9b-abed-3938e60c016d,04099152-cbe1-4af4-9996-2431191b64a0,2022-07-28T20:35:14.263Z,2022-08-01T03:49:07.000Z,me@kylekovach.com,DAWS_0017,DAWS_0017,7/28/2022,13:30:52,64.933805,-138.270822,4,7203860,628986,7W,Single Species Box Ground,2,50 - 75%,0 - 10%,10 - 25%,0 - 10%,0 - 10%,25 - 50%,N/A,N/A,50 - 75%,Tussock grass,50 - 75%,,N/A,,N/A,,N/A,,N/A,eef8c47d-91d1-4c9b-abed-3938e60c016d_1659040437.jpg,eef8c47d-91d1-4c9b-abed-3938e60c016d_1659040456.jpg,eef8c47d-91d1-4c9b-abed-3938e60c016d_1659040477.jpg,eef8c47d-91d1-4c9b-abed-3938e60c016d_1659040498.jpg,eef8c47d-91d1-4c9b-abed-3938e60c016d_1659040508.jpg,,
f064c188-efa7-4efd-82fc-31828e6b525b,04099152-cbe1-4af4-9996-2431191b64a0,2022-07-28T20:10:37.691Z,2022-08-01T03:48:44.000Z,me@kylekovach.com,DAWS_0016,DAWS_0016,7/28/2022,12:56:07,64.942586,-138.270321,4,7204839,628967,7W,Mixed Species Box Ground,4,0 - 10%,0 - 10%,10 - 25%,N/A,75 - 90%,10 - 25%,N/A,N/A,75 - 90%,,N/A,,N/A,,N/A,,N/A,,N/A,f064c188-efa7-4efd-82fc-31828e6b525b_1659038921.jpg,f064c188-efa7-4efd-82fc-31828e6b525b_1659038951.jpg,f064c188-efa7-4efd-82fc-31828e6b525b_1659038971.jpg,f064c188-efa7-4efd-82fc-31828e6b525b_1659038984.jpg,f064c188-efa7-4efd-82fc-31828e6b525b_1659039000.jpg,,"Mix of willows

Smal plot bc close to road and grass on other side"
b245239a-f717-4156-bcb1-0a85f0f1ff25,04099152-cbe1-4af4-9996-2431191b64a0,2022-07-28T19:25:52.803Z,2022-08-01T03:48:29.000Z,me@kylekovach.com,DAWS_0015,DAWS_0015,7/28/2022,12:18:27,64.960159,-138.247444,5,7206843,629962,7W,Mixed Species Box Ground,3,50 - 75%,N/A,0 - 10%,N/A,N/A,25 - 50%,N/A,N/A,50 - 75%,Sedge 1,50 - 75%,Horsetail,10 - 25%,,N/A,,N/A,,N/A,b245239a-f717-4156-bcb1-0a85f0f1ff25_1659036259.jpg,b245239a-f717-4156-bcb1-0a85f0f1ff25_1659036278.jpg,b245239a-f717-4156-bcb1-0a85f0f1ff25_1659036304.jpg,b245239a-f717-4156-bcb1-0a85f0f1ff25_1659036323.jpg,b245239a-f717-4156-bcb1-0a85f0f1ff25_1659036346.jpg,,
d12e1fc1-d1a9-4678-8cdd-2f721c0495ed,04099152-cbe1-4af4-9996-2431191b64a0,2022-07-28T18:58:16.172Z,2022-08-01T03:48:15.000Z,me@kylekovach.com,DAWS_0014,DAWS_0014,7/28/2022,11:53:25,64.958955,-138.247146,4,7206710,629982,7W,Mixed Species Patch Tree/Shrub,0,25 - 50%,0 - 10%,10 - 25%,0 - 10%,10 - 25%,10 - 25%,N/A,N/A,75 - 90%,Horsetail,25 - 50%,,N/A,,N/A,,N/A,,N/A,d12e1fc1-d1a9-4678-8cdd-2f721c0495ed_1659034576.jpg,d12e1fc1-d1a9-4678-8cdd-2f721c0495ed_1659034606.jpg,d12e1fc1-d1a9-4678-8cdd-2f721c0495ed_1659034645.jpg,d12e1fc1-d1a9-4678-8cdd-2f721c0495ed_1659034676.jpg,d12e1fc1-d1a9-4678-8cdd-2f721c0495ed_1659034686.jpg,,
a77f5bca-8bf1-4f43-af15-b367dbddf3a7,04099152-cbe1-4af4-9996-2431191b64a0,2022-07-28T00:12:39.521Z,2022-08-01T03:48:08.000Z,me@kylekovach.com,DAWS_0013,DAWS_0013,7/27/2022,17:08:34,65.188044,-138.341604,5,7232033,624450,7W,Single Species Patch Tree/Shrub,0,N/A,0 - 10%,0 - 10%,N/A,10 - 25%,75 - 90%,N/A,N/A,10 - 25%,,N/A,,N/A,,N/A,,N/A,,N/A,a77f5bca-8bf1-4f43-af15-b367dbddf3a7_1658967082.jpg,a77f5bca-8bf1-4f43-af15-b367dbddf3a7_1658967103.jpg,a77f5bca-8bf1-4f43-af15-b367dbddf3a7_1658967119.jpg,a77f5bca-8bf1-4f43-af15-b367dbddf3a7_1658967140.jpg,a77f5bca-8bf1-4f43-af15-b367dbddf3a7_1658967154.jpg,,
d1232fa7-d913-4e84-9322-696e20f7285a,04099152-cbe1-4af4-9996-2431191b64a0,2022-07-27T22:56:48.623Z,2022-08-01T03:48:02.000Z,me@kylekovach.com,DAWS_0012,DAWS_0012,7/27/2022,15:51:04,65.482768,-138.223123,5,7265094,628547,7W,Single Species Patch Tree/Shrub,0,0 - 10%,0 - 10%,50 - 75%,N/A,25 - 50%,10 - 25%,N/A,N/A,75 - 90%,,N/A,,N/A,,N/A,,N/A,,N/A,d1232fa7-d913-4e84-9322-696e20f7285a_1658962513.jpg,d1232fa7-d913-4e84-9322-696e20f7285a_1658962533.jpg,d1232fa7-d913-4e84-9322-696e20f7285a_1658962563.jpg,d1232fa7-d913-4e84-9322-696e20f7285a_1658962586.jpg,d1232fa7-d913-4e84-9322-696e20f7285a_1658962601.jpg,,
a1570b76-2312-4ef3-9b8d-c5af2c48e3f5,04099152-cbe1-4af4-9996-2431191b64a0,2022-07-27T22:15:10.494Z,2022-08-17T22:09:30.000Z,me@kylekovach.com,DAWS_0011,DAWS_0011,7/27/2022,15:02:48,65.607361,-138.155799,4,7279109,631034,7W,Mixed Species Box Tree/Shrub and Ground,4,0 - 10%,0 - 10%,10 - 25%,0 - 10%,25 - 50%,25 - 50%,N/A,N/A,50 - 75%,Arctostaphylos alpina,25 - 50%,Vaccinium sp.,10 - 25%,Blueberry,0 - 10%,,N/A,,N/A,a1570b76-2312-4ef3-9b8d-c5af2c48e3f5_1658960010.jpg,a1570b76-2312-4ef3-9b8d-c5af2c48e3f5_1658960027.jpg,a1570b76-2312-4ef3-9b8d-c5af2c48e3f5_1658960051.jpg,a1570b76-2312-4ef3-9b8d-c5af2c48e3f5_1658960080.jpg,a1570b76-2312-4ef3-9b8d-c5af2c48e3f5_1658960102.jpg,,"Not entirely sure about round leaf, best guess is alpine bearberry(arctostaphylos alpina), but could be red bearberry (a. Rubra) or something else"
e07a079c-eede-4625-ace3-5720e9b94764,04099152-cbe1-4af4-9996-2431191b64a0,2022-07-27T21:19:15.536Z,2022-08-17T22:09:29.000Z,me@kylekovach.com,DAWS_0010,DAWS_0010,7/27/2022,14:08:17,65.769392,-137.880447,5,7297229,368123,8W,Mixed Species Box Ground,4,50 - 75%,25 - 50%,0 - 10%,N/A,10 - 25%,10 - 25%,N/A,10 - 25%,50 - 75%,Grass 1,25 - 50%,Tussock grass,10 - 25%,Rubus chamemorous,25 - 50%,,N/A,,N/A,e07a079c-eede-4625-ace3-5720e9b94764_1658956670.jpg,e07a079c-eede-4625-ace3-5720e9b94764_1658956695.jpg,e07a079c-eede-4625-ace3-5720e9b94764_1658956717.jpg,e07a079c-eede-4625-ace3-5720e9b94764_1658956736.jpg,e07a079c-eede-4625-ace3-5720e9b94764_1658956750.jpg,,
6018b02d-6944-4fdf-80bc-68974fe7d2cc,04099152-cbe1-4af4-9996-2431191b64a0,2022-07-27T20:34:32.145Z,2022-08-17T22:09:26.000Z,me@kylekovach.com,DAWS_0009,DAWS_0009,7/27/2022,13:23:38,65.810569,-137.762595,5,7301573,373718,8W,Mixed Species Box Ground,3,25 - 50%,10 - 25%,10 - 25%,N/A,25 - 50%,25 - 50%,N/A,N/A,50 - 75%,Tussock grass,25 - 50%,Ledum decumbens,10 - 25%,Rubus chamemorous,10 - 25%,,N/A,,N/A,6018b02d-6944-4fdf-80bc-68974fe7d2cc_1658953981.jpg,6018b02d-6944-4fdf-80bc-68974fe7d2cc_1658953999.jpg,6018b02d-6944-4fdf-80bc-68974fe7d2cc_1658954026.jpg,6018b02d-6944-4fdf-80bc-68974fe7d2cc_1658954051.jpg,6018b02d-6944-4fdf-80bc-68974fe7d2cc_1658954065.jpg,,"90% sure the Labrador tea here is Ledum decumbens, but there’s a chance it could be Ledum groenlandicum"
18a73913-44cc-47cd-8846-72dc548a99ee,04099152-cbe1-4af4-9996-2431191b64a0,2022-07-27T20:18:52.118Z,2022-08-17T22:09:24.000Z,me@kylekovach.com,DAWS_0008,DAWS_0008,7/27/2022,12:58:58,65.811004,-137.762436,4,7301621,373727,8W,Mixed Species Box Ground,4,0 - 10%,10 - 25%,0 - 10%,10 - 25%,25 - 50%,10 - 25%,0 - 10%,N/A,50 - 75%,Rubus chamemorous,10 - 25%,Salix,10 - 25%,Vaccinium uliginosum,0 - 10%,Betula nana,0 - 10%,,N/A,18a73913-44cc-47cd-8846-72dc548a99ee_1658953048.jpg,18a73913-44cc-47cd-8846-72dc548a99ee_1658953069.jpg,18a73913-44cc-47cd-8846-72dc548a99ee_1658953090.jpg,18a73913-44cc-47cd-8846-72dc548a99ee_1658953107.jpg,18a73913-44cc-47cd-8846-72dc548a99ee_1658953125.jpg,,
815271ab-b594-4124-985e-47a8df722ddd,04099152-cbe1-4af4-9996-2431191b64a0,2022-07-26T22:56:39.555Z,2022-08-17T22:09:22.000Z,me@kylekovach.com,DAWS_0007,DAWS_0007,7/26/2022,15:53:31,64.504722,-138.223543,4,7156175,633314,7W,Single Species Patch Tree/Shrub,0,10 - 25%,25 - 50%,0 - 10%,50 - 75%,10 - 25%,25 - 50%,N/A,10 - 25%,50 - 75%,Cornish canadensis,25 - 50%,,N/A,,N/A,,N/A,,N/A,815271ab-b594-4124-985e-47a8df722ddd_1658876117.jpg,815271ab-b594-4124-985e-47a8df722ddd_1658876135.jpg,815271ab-b594-4124-985e-47a8df722ddd_1658876149.jpg,815271ab-b594-4124-985e-47a8df722ddd_1658876163.jpg,815271ab-b594-4124-985e-47a8df722ddd_1658876177.jpg,,
0570d53d-43be-480e-b3be-810d7eaef418,04099152-cbe1-4af4-9996-2431191b64a0,2022-07-26T22:38:23.406Z,2022-08-17T22:09:21.000Z,me@kylekovach.com,DAWS_0006,DAWS_0006,7/26/2022,15:33:13,64.509199,-138.218762,4,7156683,633522,7W,Single Species Patch Tree/Shrub,0,0 - 10%,N/A,10 - 25%,10 - 25%,50 - 75%,10 - 25%,N/A,N/A,75 - 90%,Vaccinium uliginosum,25 - 50%,Labrador tea,10 - 25%,,N/A,,N/A,,N/A,0570d53d-43be-480e-b3be-810d7eaef418_1658874993.jpg,0570d53d-43be-480e-b3be-810d7eaef418_1658875012.jpg,0570d53d-43be-480e-b3be-810d7eaef418_1658875047.jpg,0570d53d-43be-480e-b3be-810d7eaef418_1658875073.jpg,0570d53d-43be-480e-b3be-810d7eaef418_1658875099.jpg,,
66ceb230-5457-4be7-911d-8227dfa4a3b9,04099152-cbe1-4af4-9996-2431191b64a0,2022-07-26T21:45:50.726Z,2022-08-01T03:45:46.000Z,me@kylekovach.com,DAWS_0005,DAWS_0005,7/26/2022,14:41:30,64.575811,-138.250679,5,7164034,631669,7W,Mixed Species Patch Tree/Shrub,0,0 - 10%,0 - 10%,75 - 90%,0 - 10%,0 - 10%,10 - 25%,N/A,N/A,75 - 90%,,N/A,,N/A,,N/A,,N/A,,N/A,66ceb230-5457-4be7-911d-8227dfa4a3b9_1658871853.jpg,66ceb230-5457-4be7-911d-8227dfa4a3b9_1658871877.jpg,66ceb230-5457-4be7-911d-8227dfa4a3b9_1658871902.jpg,66ceb230-5457-4be7-911d-8227dfa4a3b9_1658871929.jpg,66ceb230-5457-4be7-911d-8227dfa4a3b9_1658871945.jpg,,
f1c3b4d6-9398-4bf7-82ef-a275032c1d88,04099152-cbe1-4af4-9996-2431191b64a0,2022-07-26T21:06:19.525Z,2022-08-17T22:09:19.000Z,me@kylekovach.com,DAWS_0004,DAWS_0004,7/26/2022,14:02:50,64.591524,-138.287672,5,7165708,629823,7W,Mixed Species Patch Tree/Shrub,0,10 - 25%,50 - 75%,10 - 25%,N/A,N/A,25 - 50%,N/A,N/A,50 - 75%,Epilobium angustifolium,50 - 75%,,N/A,,N/A,,N/A,,N/A,f1c3b4d6-9398-4bf7-82ef-a275032c1d88_1658869467.jpg,f1c3b4d6-9398-4bf7-82ef-a275032c1d88_1658869518.jpg,f1c3b4d6-9398-4bf7-82ef-a275032c1d88_1658869525.jpg,f1c3b4d6-9398-4bf7-82ef-a275032c1d88_1658869543.jpg,f1c3b4d6-9398-4bf7-82ef-a275032c1d88_1658869565.jpg,,"Fireweed has 2 species, I’m pretty sure this is epilobium angustifolium, but there’s a small chance it could be epilobium latifolium, it’s hard to distinguish from pictures without scale"
40bb4c8b-4001-4eb7-8420-da91a377f18e,04099152-cbe1-4af4-9996-2431191b64a0,2022-07-26T20:24:36.003Z,2022-08-17T22:09:17.000Z,me@kylekovach.com,DAWS_0003,DAWS_0003,7/26/2022,13:12:04,64.634586,-138.368473,4,7170341,625758,7W,Mixed Species Box Ground,4,10 - 25%,0 - 10%,10 - 25%,10 - 25%,25 - 50%,10 - 25%,N/A,N/A,50 - 75%,Betula nana,10 - 25%,Salix 2,10 - 25%,Ledum decumbens,10 - 25%,,N/A,,N/A,40bb4c8b-4001-4eb7-8420-da91a377f18e_1658867003.jpg,40bb4c8b-4001-4eb7-8420-da91a377f18e_1658867020.jpg,40bb4c8b-4001-4eb7-8420-da91a377f18e_1658867040.jpg,40bb4c8b-4001-4eb7-8420-da91a377f18e_1658867058.jpg,40bb4c8b-4001-4eb7-8420-da91a377f18e_1658867071.jpg,,
41f85941-eca7-40bf-80ec-57358ee1ca6a,04099152-cbe1-4af4-9996-2431191b64a0,2022-07-26T20:03:22.834Z,2022-08-17T22:09:16.000Z,me@kylekovach.com,DAWS_0002,DAWS_0002,7/26/2022,12:50:59,64.635117,-138.365824,5,7170405,625882,7W,Mixed Species Box Ground,4,10 - 25%,0 - 10%,50 - 75%,N/A,25 - 50%,10 - 25%,N/A,N/A,75 - 90%,Salix reticulata ?,10 - 25%,Salix 1,10 - 25%,Salix 2,0 - 10%,,N/A,,N/A,41f85941-eca7-40bf-80ec-57358ee1ca6a_1658865715.jpg,41f85941-eca7-40bf-80ec-57358ee1ca6a_1658865734.jpg,41f85941-eca7-40bf-80ec-57358ee1ca6a_1658865754.jpg,41f85941-eca7-40bf-80ec-57358ee1ca6a_1658865777.jpg,41f85941-eca7-40bf-80ec-57358ee1ca6a_1658865794.jpg,,
320de01d-e475-4ec6-95c8-d23cb731a721,04099152-cbe1-4af4-9996-2431191b64a0,2022-07-26T01:02:38.203Z,2022-08-01T03:44:40.000Z,me@kylekovach.com,DAWS_0001,DAWS_0001,7/25/2022,17:58:38,64.110269,-138.532529,5,7111630,620190,7W,Mixed Species Box Tree/Shrub and Ground,0,N/A,0 - 10%,50 - 75%,25 - 50%,0 - 10%,10 - 25%,N/A,N/A,50 - 75%,,N/A,,N/A,,N/A,,N/A,,N/A,320de01d-e475-4ec6-95c8-d23cb731a721_1658797288.jpg,320de01d-e475-4ec6-95c8-d23cb731a721_1658797305.jpg,320de01d-e475-4ec6-95c8-d23cb731a721_1658797322.jpg,320de01d-e475-4ec6-95c8-d23cb731a721_1658797338.jpg,320de01d-e475-4ec6-95c8-d23cb731a721_1658797353.jpg,,
a90fc1ee-1070-40f5-bf39-bbf77bc57af2,04099152-cbe1-4af4-9996-2431191b64a0,2022-07-26T00:22:25.124Z,2022-08-01T03:22:21.000Z,me@kylekovach.com,DAWS_0000,DAWS_0000,7/25/2022,17:18:14,64.165412,-138.547548,4,7117743,619222,7W,Single Species Patch Tree/Shrub,0,0 - 10%,0 - 10%,0 - 10%,0 - 10%,10 - 25%,50 - 75%,N/A,N/A,25 - 50%,,N/A,,N/A,,N/A,,N/A,,N/A,a90fc1ee-1070-40f5-bf39-bbf77bc57af2_1658794836.jpg,a90fc1ee-1070-40f5-bf39-bbf77bc57af2_1658794858.jpg,a90fc1ee-1070-40f5-bf39-bbf77bc57af2_1658794880.jpg,a90fc1ee-1070-40f5-bf39-bbf77bc57af2_1658794910.jpg,a90fc1ee-1070-40f5-bf39-bbf77bc57af2_1658794931.jpg,,
3276ed39-ed41-4a20-908e-ce3fe1f0fa8a,8fe9f2e0-be5b-48dc-a684-a2d1e477bd13,2022-07-21T22:09:45.935Z,2022-07-24T18:56:54.000Z,me@kylekovach.com,KING_0017,KING_0017,7/21/2022,14:08:09,58.684347,-156.641654,5,6507308,636712,4V,Single Species Patch Tree/Shrub,0,N/A,N/A,N/A,N/A,N/A,N/A,N/A,N/A,N/A,,N/A,,N/A,,N/A,,N/A,,N/A,,,,,,,Small thin leaf Willow too small to show up in aerial imagery but wanted ground based data
aa0c59d7-53d5-4424-a56f-cd561b82aac4,8fe9f2e0-be5b-48dc-a684-a2d1e477bd13,2022-07-21T19:25:06.894Z,2022-07-24T18:56:50.000Z,me@kylekovach.com,KING_0016,KING_0016,7/21/2022,11:20:54,58.733921,-156.857965,4,6512406,623999,4V,Single Species Patch Tree/Shrub,0,10 - 25%,0 - 10%,25 - 50%,50 - 75%,25 - 50%,25 - 50%,N/A,N/A,50 - 75%,,N/A,,N/A,,N/A,,N/A,,N/A,aa0c59d7-53d5-4424-a56f-cd561b82aac4_1658431386.jpg,aa0c59d7-53d5-4424-a56f-cd561b82aac4_1658431401.jpg,aa0c59d7-53d5-4424-a56f-cd561b82aac4_1658431414.jpg,aa0c59d7-53d5-4424-a56f-cd561b82aac4_1658431436.jpg,aa0c59d7-53d5-4424-a56f-cd561b82aac4_1658431467.jpg,,
9ae8555e-78d4-4a90-813f-6f0fb6e10a26,8fe9f2e0-be5b-48dc-a684-a2d1e477bd13,2022-07-21T19:13:43.860Z,2022-08-17T22:09:09.000Z,me@kylekovach.com,KING_0015,KING_0015,7/21/2022,11:08:13,58.734124,-156.857924,4,6512428,624001,4V,Single Species Patch Tree/Shrub,0,0 - 10%,0 - 10%,0 - 10%,0 - 10%,50 - 75%,10 - 25%,N/A,N/A,75 - 90%,Vaccinium uliginosum/ovalifolium,25 - 50%,Ledum groenlandicum/decumbens,25 - 50%,,N/A,,N/A,,N/A,9ae8555e-78d4-4a90-813f-6f0fb6e10a26_1658430735.jpg,9ae8555e-78d4-4a90-813f-6f0fb6e10a26_1658430752.jpg,9ae8555e-78d4-4a90-813f-6f0fb6e10a26_1658430774.jpg,9ae8555e-78d4-4a90-813f-6f0fb6e10a26_1658430789.jpg,9ae8555e-78d4-4a90-813f-6f0fb6e10a26_1658430813.jpg,,
75304ae3-1fc7-45de-abef-7e7c582b519f,8fe9f2e0-be5b-48dc-a684-a2d1e477bd13,2022-07-20T23:23:12.110Z,2022-07-24T18:56:24.000Z,me@kylekovach.com,KING_0014,KING_0014,7/20/2022,15:18:13,58.736584,-157.035008,4,6512388,613744,4V,Mixed Species Patch Tree/Shrub,0,75 - 90%,0 - 10%,0 - 10%,N/A,N/A,10 - 25%,N/A,N/A,75 - 90%,Grass 3,75 - 90%,,N/A,,N/A,,N/A,,N/A,75304ae3-1fc7-45de-abef-7e7c582b519f_1658359300.jpg,75304ae3-1fc7-45de-abef-7e7c582b519f_1658359320.jpg,75304ae3-1fc7-45de-abef-7e7c582b519f_1658359339.jpg,75304ae3-1fc7-45de-abef-7e7c582b519f_1658359371.jpg,75304ae3-1fc7-45de-abef-7e7c582b519f_1658359380.jpg,,
6f0abae3-424d-42e1-b61d-62b0968cec2b,8fe9f2e0-be5b-48dc-a684-a2d1e477bd13,2022-07-20T22:00:21.796Z,2022-07-24T18:56:18.000Z,me@kylekovach.com,KING_0013,KING_0013,7/20/2022,13:58:17,58.723998,-156.863766,4,6511290,623699,4V,Single Species Box Ground,0,75 - 90%,0 - 10%,N/A,N/A,N/A,10 - 25%,N/A,N/A,75 - 90%,Grass2,75 - 90%,,N/A,,N/A,,N/A,,N/A,6f0abae3-424d-42e1-b61d-62b0968cec2b_1658354357.jpg,6f0abae3-424d-42e1-b61d-62b0968cec2b_1658354369.jpg,6f0abae3-424d-42e1-b61d-62b0968cec2b_1658354384.jpg,6f0abae3-424d-42e1-b61d-62b0968cec2b_1658354404.jpg,6f0abae3-424d-42e1-b61d-62b0968cec2b_1658354415.jpg,,
94c0aaf5-ec2c-4c9e-a904-31505993c5d7,8fe9f2e0-be5b-48dc-a684-a2d1e477bd13,2022-07-20T21:54:22.434Z,2022-07-24T18:56:12.000Z,me@kylekovach.com,KING_0012,KING_0012,7/20/2022,13:51:32,58.724009,-156.863979,4,6511291,623686,4V,Single Species Box Ground,0,90 - 100%,N/A,N/A,N/A,N/A,0 - 10%,N/A,N/A,90 - 100%,,N/A,,N/A,,N/A,,N/A,,N/A,94c0aaf5-ec2c-4c9e-a904-31505993c5d7_1658353998.jpg,94c0aaf5-ec2c-4c9e-a904-31505993c5d7_1658354011.jpg,94c0aaf5-ec2c-4c9e-a904-31505993c5d7_1658354031.jpg,94c0aaf5-ec2c-4c9e-a904-31505993c5d7_1658354045.jpg,94c0aaf5-ec2c-4c9e-a904-31505993c5d7_1658354057.jpg,,
09561109-89c0-4fe5-85cb-7d506052681b,8fe9f2e0-be5b-48dc-a684-a2d1e477bd13,2022-07-20T21:15:18.715Z,2022-08-17T22:09:10.000Z,me@kylekovach.com,KING_0011,KING_0011,7/20/2022,13:05:21,58.721171,-156.816203,4,6511065,626462,4V,Mixed Species Box Ground,3,N/A,0 - 10%,N/A,10 - 25%,50 - 75%,25 - 50%,N/A,N/A,50 - 75%,Empetrum nigrum,25 - 50%,Betula nana,10 - 25%,Caribou lichen,10 - 25%,,N/A,,N/A,09561109-89c0-4fe5-85cb-7d506052681b_1658351650.jpg,09561109-89c0-4fe5-85cb-7d506052681b_1658351666.jpg,09561109-89c0-4fe5-85cb-7d506052681b_1658351683.jpg,09561109-89c0-4fe5-85cb-7d506052681b_1658351699.jpg,09561109-89c0-4fe5-85cb-7d506052681b_1658351713.jpg,,
03e63542-96ff-4e19-b0b2-84ac25332a43,8fe9f2e0-be5b-48dc-a684-a2d1e477bd13,2022-07-20T20:42:56.474Z,2022-08-17T22:09:13.000Z,me@kylekovach.com,KING_0010,KING_0010,7/20/2022,12:33:13,58.718429,-156.832727,5,6510728,625516,4V,Mixed Species Box Ground,3,25 - 50%,N/A,0 - 10%,0 - 10%,50 - 75%,10 - 25%,N/A,N/A,75 - 90%,Ledum decumbens,50 - 75%,Horsetail,N/A,,N/A,,N/A,,N/A,03e63542-96ff-4e19-b0b2-84ac25332a43_1658349701.jpg,03e63542-96ff-4e19-b0b2-84ac25332a43_1658349726.jpg,03e63542-96ff-4e19-b0b2-84ac25332a43_1658349742.jpg,03e63542-96ff-4e19-b0b2-84ac25332a43_1658349759.jpg,03e63542-96ff-4e19-b0b2-84ac25332a43_1658349770.jpg,,
958d337b-7fff-43d8-b073-021b24a82442,8fe9f2e0-be5b-48dc-a684-a2d1e477bd13,2022-07-20T19:36:46.570Z,2022-07-24T18:55:38.000Z,me@kylekovach.com,KING_0009,KING_0009,7/20/2022,11:32:22,58.686541,-156.692752,5,6507450,633742,4V,Single Species Box Ground,1,90 - 100%,0 - 10%,N/A,N/A,0 - 10%,0 - 10%,N/A,N/A,90 - 100%,Tall grass,75 - 90%,,N/A,,N/A,,N/A,,N/A,958d337b-7fff-43d8-b073-021b24a82442_1658345716.jpg,958d337b-7fff-43d8-b073-021b24a82442_1658345739.jpg,958d337b-7fff-43d8-b073-021b24a82442_1658345761.jpg,958d337b-7fff-43d8-b073-021b24a82442_1658345777.jpg,958d337b-7fff-43d8-b073-021b24a82442_1658345790.jpg,,
b5a6ce20-481a-4688-84f2-6045eb423205,8fe9f2e0-be5b-48dc-a684-a2d1e477bd13,2022-07-20T19:29:25.191Z,2022-08-17T22:09:07.000Z,me@kylekovach.com,KING_0008,KING_0008,7/20/2022,11:17:48,58.686367,-156.692627,5,6507430,633750,4V,Mixed Species Box Ground,3,0 - 10%,N/A,0 - 10%,0 - 10%,75 - 90%,0 - 10%,N/A,N/A,90 - 100%,Vaccinium uliginosum (ovalifolium?),25 - 50%,Dwarf Arctic,25 - 50%,Betula nana,25 - 50%,,N/A,,N/A,b5a6ce20-481a-4688-84f2-6045eb423205_1658345277.jpg,b5a6ce20-481a-4688-84f2-6045eb423205_1658345299.jpg,b5a6ce20-481a-4688-84f2-6045eb423205_1658345322.jpg,b5a6ce20-481a-4688-84f2-6045eb423205_1658345342.jpg,b5a6ce20-481a-4688-84f2-6045eb423205_1658345358.jpg,,
052d5421-72f1-4dd6-930b-8f4a32196d29,8fe9f2e0-be5b-48dc-a684-a2d1e477bd13,2022-07-20T19:10:41.932Z,2022-07-24T18:55:10.000Z,me@kylekovach.com,KING_0007,KING_0007,7/20/2022,10:56:15,58.686393,-156.692133,5,6507434,633779,4V,Single Species Box Ground,4,25 - 50%,0 - 10%,0 - 10%,0 - 10%,10 - 25%,25 - 50%,50 - 75%,0 - 10%,50 - 75%,Fat grass,25 - 50%,Tussock skinny grass,25 - 50%,,N/A,,N/A,,N/A,052d5421-72f1-4dd6-930b-8f4a32196d29_1658344145.jpg,052d5421-72f1-4dd6-930b-8f4a32196d29_1658344170.jpg,052d5421-72f1-4dd6-930b-8f4a32196d29_1658344192.jpg,052d5421-72f1-4dd6-930b-8f4a32196d29_1658344212.jpg,052d5421-72f1-4dd6-930b-8f4a32196d29_1658344232.jpg,,
a129d2a2-78ca-4323-b59f-b68152af68a7,8fe9f2e0-be5b-48dc-a684-a2d1e477bd13,2022-07-19T22:39:18.351Z,2022-07-24T18:54:45.000Z,me@kylekovach.com,KING_0006,KING_0006,7/19/2022,14:35:04,58.679384,-156.642646,5,6506754,636674,4V,Single Species Patch Tree/Shrub,0,0 - 10%,0 - 10%,0 - 10%,0 - 10%,10 - 25%,75 - 90%,N/A,0 - 10%,10 - 25%,,N/A,,N/A,,N/A,,N/A,,N/A,a129d2a2-78ca-4323-b59f-b68152af68a7_1658270273.jpg,a129d2a2-78ca-4323-b59f-b68152af68a7_1658270298.jpg,a129d2a2-78ca-4323-b59f-b68152af68a7_1658270321.jpg,a129d2a2-78ca-4323-b59f-b68152af68a7_1658270345.jpg,a129d2a2-78ca-4323-b59f-b68152af68a7_1658270353.jpg,,
962e6cd1-d826-477e-8eba-255f45eef279,8fe9f2e0-be5b-48dc-a684-a2d1e477bd13,2022-07-19T22:25:52.926Z,2022-07-24T18:54:39.000Z,me@kylekovach.com,KING_0005,KING_0005,7/19/2022,14:21:34,58.679181,-156.642255,5,6506732,636698,4V,Single Species Patch Tree/Shrub,0,0 - 10%,N/A,10 - 25%,0 - 10%,N/A,75 - 90%,N/A,10 - 25%,0 - 10%,,N/A,,N/A,,N/A,,N/A,,N/A,962e6cd1-d826-477e-8eba-255f45eef279_1658269462.jpg,962e6cd1-d826-477e-8eba-255f45eef279_1658269479.jpg,962e6cd1-d826-477e-8eba-255f45eef279_1658269501.jpg,962e6cd1-d826-477e-8eba-255f45eef279_1658269521.jpg,962e6cd1-d826-477e-8eba-255f45eef279_1658269543.jpg,,
873087f1-d77c-4fe3-8787-daa697124fbc,8fe9f2e0-be5b-48dc-a684-a2d1e477bd13,2022-07-19T21:12:00.794Z,2022-08-17T22:09:05.000Z,me@kylekovach.com,KING_0004,KING_0004,7/19/2022,13:06:04,58.676231,-156.511798,5,6506677,644271,4V,Mixed Species Patch Tree/Shrub,0,10 - 25%,10 - 25%,10 - 25%,0 - 10%,25 - 50%,25 - 50%,N/A,N/A,50 - 75%,Horsetail,10 - 25%,Fern 1,10 - 25%,Shrub 2 leather leaf??,10 - 25%,,N/A,,N/A,873087f1-d77c-4fe3-8787-daa697124fbc_1658265031.jpg,873087f1-d77c-4fe3-8787-daa697124fbc_1658265049.jpg,873087f1-d77c-4fe3-8787-daa697124fbc_1658265070.jpg,873087f1-d77c-4fe3-8787-daa697124fbc_1658265084.jpg,873087f1-d77c-4fe3-8787-daa697124fbc_1658265110.jpg,,
06cf3b4c-dbfa-4b03-af1c-3b9fb9d9eed9,8fe9f2e0-be5b-48dc-a684-a2d1e477bd13,2022-07-19T20:58:59.987Z,2022-07-24T18:54:27.000Z,me@kylekovach.com,KING_0003,KING_0003,7/19/2022,12:55:37,58.676995,-156.511206,4,6506764,644302,4V,Single Species Patch Tree/Shrub,0,N/A,N/A,10 - 25%,N/A,25 - 50%,50 - 75%,N/A,0 - 10%,25 - 50%,,N/A,,N/A,,N/A,,N/A,,N/A,06cf3b4c-dbfa-4b03-af1c-3b9fb9d9eed9_1658264274.jpg,06cf3b4c-dbfa-4b03-af1c-3b9fb9d9eed9_1658264286.jpg,06cf3b4c-dbfa-4b03-af1c-3b9fb9d9eed9_1658264308.jpg,06cf3b4c-dbfa-4b03-af1c-3b9fb9d9eed9_1658264324.jpg,06cf3b4c-dbfa-4b03-af1c-3b9fb9d9eed9_1658264333.jpg,,
33f93aac-c678-4bfd-9775-b72cc97dc827,8fe9f2e0-be5b-48dc-a684-a2d1e477bd13,2022-07-19T20:48:37.666Z,2022-08-17T22:09:04.000Z,me@kylekovach.com,KING_0002,KING_0002,7/19/2022,12:25:50,58.676916,-156.511026,4,6506755,644313,4V,Mixed Species Box Ground,3,N/A,N/A,N/A,25 - 50%,25 - 50%,10 - 25%,N/A,N/A,75 - 90%,Caribou lichen,25 - 50%,Empetrum nigrum,25 - 50%,,N/A,,N/A,,N/A,33f93aac-c678-4bfd-9775-b72cc97dc827_1658263660.jpg,33f93aac-c678-4bfd-9775-b72cc97dc827_1658263671.jpg,33f93aac-c678-4bfd-9775-b72cc97dc827_1658263685.jpg,33f93aac-c678-4bfd-9775-b72cc97dc827_1658263696.jpg,33f93aac-c678-4bfd-9775-b72cc97dc827_1658263710.jpg,,
abac0946-fa20-4e0a-a899-1721c2b9e467,8fe9f2e0-be5b-48dc-a684-a2d1e477bd13,2022-07-19T19:42:08.395Z,2022-07-24T18:54:21.000Z,me@kylekovach.com,KING_0001,KING_0001,7/19/2022,11:36:41,58.672196,-156.460348,5,6506340,647271,4V,Single Species Patch Tree/Shrub,0,25 - 50%,0 - 10%,0 - 10%,0 - 10%,25 - 50%,25 - 50%,N/A,N/A,50 - 75%,Alder,25 - 50%,,N/A,,N/A,,N/A,,N/A,abac0946-fa20-4e0a-a899-1721c2b9e467_1658259559.jpg,abac0946-fa20-4e0a-a899-1721c2b9e467_1658259592.jpg,abac0946-fa20-4e0a-a899-1721c2b9e467_1658259630.jpg,abac0946-fa20-4e0a-a899-1721c2b9e467_1658259688.jpg,abac0946-fa20-4e0a-a899-1721c2b9e467_1658259721.jpg,,
029b0a36-7b24-416b-ba14-c206569ecd7d,8fe9f2e0-be5b-48dc-a684-a2d1e477bd13,2022-07-19T19:16:11.595Z,2022-08-17T22:09:02.000Z,me@kylekovach.com,KING_0000,KING_0000,7/19/2022,11:00:57,58.673098,-156.459613,5,6506442,647309,4V,Mixed Species Box Ground,4,10 - 25%,0 - 10%,25 - 50%,0 - 10%,25 - 50%,10 - 25%,N/A,N/A,50 - 75%,Horsetail 1,10 - 25%,Ledum decumbens,10 - 25%,Salix,10 - 25%,Betula nana,10 - 25%,,N/A,029b0a36-7b24-416b-ba14-c206569ecd7d_1658258089.jpg,029b0a36-7b24-416b-ba14-c206569ecd7d_1658258110.jpg,029b0a36-7b24-416b-ba14-c206569ecd7d_1658258129.jpg,029b0a36-7b24-416b-ba14-c206569ecd7d_1658258150.jpg,029b0a36-7b24-416b-ba14-c206569ecd7d_1658258163.jpg,,
9511cd04-424c-41e1-ba84-1d7a4b4d2b1a,5bc2f6cb-ce14-48cc-8f91-d27b3d45450a,2022-07-15T23:30:39.561Z,2022-07-16T04:17:57.000Z,me@kylekovach.com,DEAD_0012,DEAD_0012,7/15/2022,15:22:13,70.083114,-148.543174,4,7775884,441335,6W,Mixed Species Box Ground,3,0 - 10%,10 - 25%,0 - 10%,N/A,50 - 75%,25 - 50%,N/A,10 - 25%,50 - 75%,Salix,50 - 75%,,N/A,,N/A,,N/A,,N/A,9511cd04-424c-41e1-ba84-1d7a4b4d2b1a_1657927779.jpg,9511cd04-424c-41e1-ba84-1d7a4b4d2b1a_1657927795.jpg,9511cd04-424c-41e1-ba84-1d7a4b4d2b1a_1657927810.jpg,9511cd04-424c-41e1-ba84-1d7a4b4d2b1a_1657927822.jpg,9511cd04-424c-41e1-ba84-1d7a4b4d2b1a_1657927833.jpg,,
6db7175f-37f3-4c84-9b0a-a478b14ab706,5bc2f6cb-ce14-48cc-8f91-d27b3d45450a,2022-07-15T22:31:29.140Z,2022-08-17T22:08:59.000Z,me@kylekovach.com,DEAD_0011,DEAD_0011,7/15/2022,14:19:21,69.967805,-148.721735,4,7763211,434185,6W,Mixed Species Box Ground,3,0 - 10%,25 - 50%,0 - 10%,N/A,50 - 75%,10 - 25%,0 - 10%,0 - 10%,50 - 75%,Salix,50 - 75%,Arctostaphylos alpina,10 - 25%,Hedyasarum Mackenzii/alpinum,10 - 25%,,N/A,,N/A,6db7175f-37f3-4c84-9b0a-a478b14ab706_1657924199.jpg,6db7175f-37f3-4c84-9b0a-a478b14ab706_1657924234.jpg,6db7175f-37f3-4c84-9b0a-a478b14ab706_1657924255.jpg,6db7175f-37f3-4c84-9b0a-a478b14ab706_1657924275.jpg,6db7175f-37f3-4c84-9b0a-a478b14ab706_1657924284.jpg,,Not entirely sure on the purple/pink flowered pea thing but it’s definitely in the fabaceae
676591b7-4e6b-40bb-9ed8-1d519e8e04cd,5bc2f6cb-ce14-48cc-8f91-d27b3d45450a,2022-07-15T22:14:43.569Z,2022-07-16T04:17:23.000Z,me@kylekovach.com,DEAD_0010,DEAD_0010,7/15/2022,14:02:12,69.968549,-148.718944,5,7763291,434294,6W,Mixed Species Box Ground,4,0 - 10%,50 - 75%,0 - 10%,N/A,25 - 50%,10 - 25%,N/A,N/A,75 - 90%,Round leaf,25 - 50%,Salix,25 - 50%,Purple pea,25 - 50%,,N/A,,N/A,676591b7-4e6b-40bb-9ed8-1d519e8e04cd_1657923188.jpg,676591b7-4e6b-40bb-9ed8-1d519e8e04cd_1657923212.jpg,676591b7-4e6b-40bb-9ed8-1d519e8e04cd_1657923234.jpg,676591b7-4e6b-40bb-9ed8-1d519e8e04cd_1657923259.jpg,676591b7-4e6b-40bb-9ed8-1d519e8e04cd_1657923277.jpg,,
02120097-0a35-4f47-870b-93d08bb5ca4f,5bc2f6cb-ce14-48cc-8f91-d27b3d45450a,2022-07-15T20:12:21.466Z,2022-08-17T22:08:56.000Z,me@kylekovach.com,DEAD_0009,DEAD_0009,7/15/2022,11:58:15,69.413049,-148.726902,4,7701376,432239,6W,Mixed Species Box Ground,4,0 - 10%,10 - 25%,10 - 25%,10 - 25%,50 - 75%,10 - 25%,N/A,N/A,50 - 75%,Betula nana,50 - 75%,,N/A,,N/A,,N/A,,N/A,02120097-0a35-4f47-870b-93d08bb5ca4f_1657915875.jpg,02120097-0a35-4f47-870b-93d08bb5ca4f_1657915892.jpg,02120097-0a35-4f47-870b-93d08bb5ca4f_1657915908.jpg,02120097-0a35-4f47-870b-93d08bb5ca4f_1657915921.jpg,02120097-0a35-4f47-870b-93d08bb5ca4f_1657915935.jpg,,
d824e178-d76b-409f-a9bd-4a1636caec86,5bc2f6cb-ce14-48cc-8f91-d27b3d45450a,2022-07-15T19:23:59.114Z,2022-08-17T22:08:54.000Z,me@kylekovach.com,DEAD_0008,DEAD_0008,7/15/2022,11:08:37,69.423865,-148.699223,4,7702551,433358,6W,Mixed Species Box Ground,4,25 - 50%,10 - 25%,25 - 50%,0 - 10%,25 - 50%,10 - 25%,N/A,0 - 10%,50 - 75%,Tussock grass,25 - 50%,Ledum decumbens,10 - 25%,Betula nana,10 - 25%,,N/A,,N/A,d824e178-d76b-409f-a9bd-4a1636caec86_1657912963.jpg,d824e178-d76b-409f-a9bd-4a1636caec86_1657912982.jpg,d824e178-d76b-409f-a9bd-4a1636caec86_1657913000.jpg,d824e178-d76b-409f-a9bd-4a1636caec86_1657913020.jpg,d824e178-d76b-409f-a9bd-4a1636caec86_1657913032.jpg,,
1fadbfa0-1cc8-4186-a44b-841fe7b098fd,5bc2f6cb-ce14-48cc-8f91-d27b3d45450a,2022-07-14T22:49:56.433Z,2022-08-17T22:08:52.000Z,me@kylekovach.com,DEAD_0007,DEAD_0007,7/14/2022,14:35:12,69.258871,-148.768307,4,7684236,430118,6W,Mixed Species Box Ground,4,0 - 10%,25 - 50%,25 - 50%,0 - 10%,25 - 50%,10 - 25%,N/A,N/A,75 - 90%,Vaccinium uliginosum,25 - 50%,Lupin / palmate Forb,10 - 25%,Round leaf,10 - 25%,Dryas integrifolia,10 - 25%,,N/A,1fadbfa0-1cc8-4186-a44b-841fe7b098fd_1657838932.jpg,1fadbfa0-1cc8-4186-a44b-841fe7b098fd_1657838949.jpg,1fadbfa0-1cc8-4186-a44b-841fe7b098fd_1657838963.jpg,1fadbfa0-1cc8-4186-a44b-841fe7b098fd_1657838978.jpg,1fadbfa0-1cc8-4186-a44b-841fe7b098fd_1657838990.jpg,,
f5b333c0-ac56-41f2-b145-69a80d95eb6f,5bc2f6cb-ce14-48cc-8f91-d27b3d45450a,2022-07-14T21:23:37.686Z,2022-07-15T04:52:53.000Z,me@kylekovach.com,DEAD_0006,DEAD_0006,7/14/2022,13:20:45,69.099657,-148.832288,4,7666564,427060,6W,Mixed Species Box Ground,0,50 - 75%,0 - 10%,N/A,N/A,10 - 25%,10 - 25%,N/A,N/A,75 - 90%,Horsetail,50 - 75%,Salix,10 - 25%,,N/A,,N/A,,N/A,f5b333c0-ac56-41f2-b145-69a80d95eb6f_1657833754.jpg,f5b333c0-ac56-41f2-b145-69a80d95eb6f_1657833768.jpg,f5b333c0-ac56-41f2-b145-69a80d95eb6f_1657833785.jpg,f5b333c0-ac56-41f2-b145-69a80d95eb6f_1657833798.jpg,f5b333c0-ac56-41f2-b145-69a80d95eb6f_1657833812.jpg,,
143dccef-27da-4bef-b153-da5fce564fa1,5bc2f6cb-ce14-48cc-8f91-d27b3d45450a,2022-07-14T21:16:29.349Z,2022-07-15T04:52:45.000Z,me@kylekovach.com,DEAD_0005,DEAD_0005,7/14/2022,13:11:43,69.099732,-148.833099,4,7666573,427028,6W,Single Species Box Ground,0,75 - 90%,0 - 10%,0 - 10%,N/A,0 - 10%,0 - 10%,N/A,0 - 10%,90 - 100%,Horsetail,75 - 90%,,N/A,,N/A,,N/A,,N/A,143dccef-27da-4bef-b153-da5fce564fa1_1657833303.jpg,143dccef-27da-4bef-b153-da5fce564fa1_1657833318.jpg,143dccef-27da-4bef-b153-da5fce564fa1_1657833346.jpg,143dccef-27da-4bef-b153-da5fce564fa1_1657833360.jpg,143dccef-27da-4bef-b153-da5fce564fa1_1657833371.jpg,,
8b6924b8-6bda-4aab-ae1d-ea8c91e25f6b,5bc2f6cb-ce14-48cc-8f91-d27b3d45450a,2022-07-14T20:15:37.139Z,2022-07-15T04:52:38.000Z,me@kylekovach.com,DEAD_0004,DEAD_0004,7/14/2022,12:11:44,68.922373,-148.843761,4,7646817,426009,6W,Single Species Patch Tree/Shrub,0,10 - 25%,10 - 25%,25 - 50%,N/A,0 - 10%,50 - 75%,N/A,N/A,25 - 50%,,N/A,,N/A,,N/A,,N/A,,N/A,8b6924b8-6bda-4aab-ae1d-ea8c91e25f6b_1657829629.jpg,8b6924b8-6bda-4aab-ae1d-ea8c91e25f6b_1657829664.jpg,8b6924b8-6bda-4aab-ae1d-ea8c91e25f6b_1657829686.jpg,8b6924b8-6bda-4aab-ae1d-ea8c91e25f6b_1657829712.jpg,8b6924b8-6bda-4aab-ae1d-ea8c91e25f6b_1657829730.jpg,,
b51fe2a0-fc9a-4025-8fc0-a65f1fd9be9e,5bc2f6cb-ce14-48cc-8f91-d27b3d45450a,2022-07-14T19:54:55.055Z,2022-07-15T04:52:25.000Z,me@kylekovach.com,DEAD_0003,DEAD_0003,7/14/2022,11:38:09,68.921916,-148.842983,19,7646765,426039,6W,Mixed Species Patch Tree/Shrub,0,0 - 10%,10 - 25%,50 - 75%,N/A,10 - 25%,25 - 50%,N/A,N/A,50 - 75%,Pea/vetch,10 - 25%,,N/A,,N/A,,N/A,,N/A,b51fe2a0-fc9a-4025-8fc0-a65f1fd9be9e_1657828404.jpg,b51fe2a0-fc9a-4025-8fc0-a65f1fd9be9e_1657828429.jpg,b51fe2a0-fc9a-4025-8fc0-a65f1fd9be9e_1657828446.jpg,b51fe2a0-fc9a-4025-8fc0-a65f1fd9be9e_1657828468.jpg,b51fe2a0-fc9a-4025-8fc0-a65f1fd9be9e_1657828488.jpg,,
d2370dd2-6e1d-4efb-8e1e-029fb8377336,5bc2f6cb-ce14-48cc-8f91-d27b3d45450a,2022-07-13T23:29:01.547Z,2022-08-17T22:08:57.000Z,me@kylekovach.com,DEAD_0002,DEAD_0002,7/13/2022,15:14:49,68.842979,-148.822721,5,7637942,426591,6W,Mixed Species Box Ground,3,0 - 10%,50 - 75%,10 - 25%,N/A,N/A,25 - 50%,N/A,0 - 10%,50 - 75%,Arctostaphylos alpina,25 - 50%,Lupinus arcticus,10 - 25%,,N/A,,N/A,,N/A,d2370dd2-6e1d-4efb-8e1e-029fb8377336_1657754876.jpg,d2370dd2-6e1d-4efb-8e1e-029fb8377336_1657754889.jpg,d2370dd2-6e1d-4efb-8e1e-029fb8377336_1657754908.jpg,d2370dd2-6e1d-4efb-8e1e-029fb8377336_1657754924.jpg,d2370dd2-6e1d-4efb-8e1e-029fb8377336_1657754936.jpg,,
b4d95be2-0f4a-4a87-a894-4693778024f2,5bc2f6cb-ce14-48cc-8f91-d27b3d45450a,2022-07-13T22:03:54.534Z,2022-08-17T22:08:51.000Z,me@kylekovach.com,DEAD_0001,DEAD_0001,7/13/2022,13:49:48,68.761309,-148.886867,5,7628918,423728,6W,Mixed Species Box Ground,3,50 - 75%,0 - 10%,10 - 25%,0 - 10%,10 - 25%,25 - 50%,N/A,N/A,50 - 75%,Tussock grass,50 - 75%,Betula nana,25 - 50%,,N/A,,N/A,,N/A,b4d95be2-0f4a-4a87-a894-4693778024f2_1657749754.jpg,b4d95be2-0f4a-4a87-a894-4693778024f2_1657749774.jpg,b4d95be2-0f4a-4a87-a894-4693778024f2_1657749793.jpg,b4d95be2-0f4a-4a87-a894-4693778024f2_1657749815.jpg,b4d95be2-0f4a-4a87-a894-4693778024f2_1657749829.jpg,,
fa5dc19f-dfc9-4ef6-a304-6ff45b0b6722,5bc2f6cb-ce14-48cc-8f91-d27b3d45450a,2022-07-13T21:40:32.465Z,2022-08-17T22:08:49.000Z,me@kylekovach.com,DEAD_0000,DEAD_0000,7/13/2022,13:27:34,68.760716,-148.887642,5,7628852,423695,6W,Mixed Species Box Ground,4,25 - 50%,0 - 10%,25 - 50%,0 - 10%,25 - 50%,10 - 25%,N/A,N/A,75 - 90%,Salix,25 - 50%,Tussock grass,25 - 50%,Betula nana,10 - 25%,,N/A,,N/A,fa5dc19f-dfc9-4ef6-a304-6ff45b0b6722_1657748306.jpg,fa5dc19f-dfc9-4ef6-a304-6ff45b0b6722_1657748330.jpg,fa5dc19f-dfc9-4ef6-a304-6ff45b0b6722_1657748355.jpg,fa5dc19f-dfc9-4ef6-a304-6ff45b0b6722_1657748394.jpg,fa5dc19f-dfc9-4ef6-a304-6ff45b0b6722_1657748414.jpg,,
7aa3fc88-f208-4787-a623-7bf5ea1b415f,e9cda52d-28c9-4080-a241-c1c03c2e031d,2022-07-12T23:23:58.628Z,2022-08-17T22:08:44.000Z,me@kylekovach.com,COLD_0014,COLD_0014,7/12/2022,15:08:37,68.172956,-149.436343,5,7564142,398931,6W,Mixed Species Box Ground,4,0 - 10%,0 - 10%,25 - 50%,0 - 10%,50 - 75%,10 - 25%,N/A,0 - 10%,75 - 90%,Arctic dwarf willow,25 - 50%,Betula nana,25 - 50%,Sedge 1,0 - 10%,Moss 1,25 - 50%,,N/A,7aa3fc88-f208-4787-a623-7bf5ea1b415f_1657668159.jpg,7aa3fc88-f208-4787-a623-7bf5ea1b415f_1657668175.jpg,7aa3fc88-f208-4787-a623-7bf5ea1b415f_1657668196.jpg,7aa3fc88-f208-4787-a623-7bf5ea1b415f_1657668213.jpg,7aa3fc88-f208-4787-a623-7bf5ea1b415f_1657668230.jpg,,
73218dbb-c02e-45e5-a1d4-a1745819814e,e9cda52d-28c9-4080-a241-c1c03c2e031d,2022-07-12T21:52:19.553Z,2022-08-17T22:08:42.000Z,me@kylekovach.com,COLD_0013,COLD_0013,7/12/2022,13:41:03,68.39789,-149.3202,5,7589021,404691,6W,Mixed Species Box Ground,4,10 - 25%,0 - 10%,10 - 25%,0 - 10%,25 - 50%,25 - 50%,N/A,N/A,50 - 75%,Betula nana,10 - 25%,,N/A,,N/A,,N/A,,N/A,73218dbb-c02e-45e5-a1d4-a1745819814e_1657662661.jpg,73218dbb-c02e-45e5-a1d4-a1745819814e_1657662679.jpg,73218dbb-c02e-45e5-a1d4-a1745819814e_1657662696.jpg,73218dbb-c02e-45e5-a1d4-a1745819814e_1657662712.jpg,73218dbb-c02e-45e5-a1d4-a1745819814e_1657662725.jpg,,Some small puddles
8172778e-256a-4342-8501-9e013e7d6ffd,e9cda52d-28c9-4080-a241-c1c03c2e031d,2022-07-11T22:48:30.615Z,2022-07-15T04:50:41.000Z,me@kylekovach.com,COLD_0010,COLD_0010,7/11/2022,14:45:12,67.989861,-149.76321,5,7544317,384466,6W,Single Species Patch Tree/Shrub,0,10 - 25%,0 - 10%,10 - 25%,0 - 10%,N/A,25 - 50%,N/A,0 - 10%,50 - 75%,,N/A,,N/A,,N/A,,N/A,,N/A,8172778e-256a-4342-8501-9e013e7d6ffd_1657579633.jpg,8172778e-256a-4342-8501-9e013e7d6ffd_1657579656.jpg,8172778e-256a-4342-8501-9e013e7d6ffd_1657579672.jpg,8172778e-256a-4342-8501-9e013e7d6ffd_1657579683.jpg,8172778e-256a-4342-8501-9e013e7d6ffd_1657579696.jpg,8172778e-256a-4342-8501-9e013e7d6ffd_1657579707.jpg,
e1cfd248-c59d-4e6e-a169-9a48d36347d1,e9cda52d-28c9-4080-a241-c1c03c2e031d,2022-07-11T22:02:36.770Z,2022-07-15T04:50:34.000Z,me@kylekovach.com,COLD_0009,COLD_0009,7/11/2022,13:59:51,68.005149,-149.738044,5,7545973,385593,6W,Single Species Patch Tree/Shrub,0,0 - 10%,0 - 10%,0 - 10%,N/A,0 - 10%,75 - 90%,10 - 25%,0 - 10%,10 - 25%,,N/A,,N/A,,N/A,,N/A,,N/A,,,,,,e1cfd248-c59d-4e6e-a169-9a48d36347d1_1657577593.jpg,
ffe75de9-4cfe-452c-9464-c66885865f9b,e9cda52d-28c9-4080-a241-c1c03c2e031d,2022-07-11T20:15:37.382Z,2022-08-17T22:08:41.000Z,me@kylekovach.com,COLD_0008,COLD_0008,7/11/2022,12:04:03,68.117488,-149.543597,4,7558142,394229,6W,Mixed Species Box Ground,3,10 - 25%,25 - 50%,0 - 10%,0 - 10%,10 - 25%,10 - 25%,10 - 25%,0 - 10%,50 - 75%,Horsetail,10 - 25%,Salix rotundifolia,25 - 50%,Dryas octopetala/drummondii,10 - 25%,,N/A,,N/A,ffe75de9-4cfe-452c-9464-c66885865f9b_1657570453.jpg,ffe75de9-4cfe-452c-9464-c66885865f9b_1657570468.jpg,ffe75de9-4cfe-452c-9464-c66885865f9b_1657570481.jpg,ffe75de9-4cfe-452c-9464-c66885865f9b_1657570496.jpg,ffe75de9-4cfe-452c-9464-c66885865f9b_1657570509.jpg,ffe75de9-4cfe-452c-9464-c66885865f9b_1657570932.jpg,
5fc60ff8-a383-467a-bda2-cc7764aebb3e,e9cda52d-28c9-4080-a241-c1c03c2e031d,2022-07-11T19:50:06.613Z,2022-08-17T22:08:39.000Z,me@kylekovach.com,COLD _0007,COLD _0007,7/11/2022,11:38:01,68.11659,-149.5467,4,7558047,394096,6W,Mixed Species Box Ground,4,10 - 25%,10 - 25%,10 - 25%,25 - 50%,10 - 25%,10 - 25%,0 - 10%,0 - 10%,50 - 75%,Willow,10 - 25%,Dryas octopetala/drummondii,10 - 25%,Cassiope tetragona,10 - 25%,Grass 1,10 - 25%,,N/A,5fc60ff8-a383-467a-bda2-cc7764aebb3e_1657568941.jpg,5fc60ff8-a383-467a-bda2-cc7764aebb3e_1657568953.jpg,5fc60ff8-a383-467a-bda2-cc7764aebb3e_1657568964.jpg,5fc60ff8-a383-467a-bda2-cc7764aebb3e_1657568977.jpg,5fc60ff8-a383-467a-bda2-cc7764aebb3e_1657568989.jpg,5fc60ff8-a383-467a-bda2-cc7764aebb3e_1657569003.jpg,
88a5e7a5-cda7-4845-9ffa-7812e588eda3,e9cda52d-28c9-4080-a241-c1c03c2e031d,2022-07-11T19:18:53.634Z,2022-07-15T04:49:48.000Z,me@kylekovach.com,COLD_0006,COLD_0006,7/11/2022,11:09:31,68.116813,-149.54662,5,7558072,394101,6W,Mixed Species Box Ground,2,0 - 10%,0 - 10%,10 - 25%,0 - 10%,50 - 75%,10 - 25%,0 - 10%,0 - 10%,75 - 90%,Willow,50 - 75%,,N/A,,N/A,,N/A,,N/A,88a5e7a5-cda7-4845-9ffa-7812e588eda3_1657567033.jpg,88a5e7a5-cda7-4845-9ffa-7812e588eda3_1657567056.jpg,88a5e7a5-cda7-4845-9ffa-7812e588eda3_1657567081.jpg,88a5e7a5-cda7-4845-9ffa-7812e588eda3_1657567097.jpg,88a5e7a5-cda7-4845-9ffa-7812e588eda3_1657567114.jpg,88a5e7a5-cda7-4845-9ffa-7812e588eda3_1657567125.jpg,
b2fa7d19-fceb-480d-9061-c3dd559f54a0,e9cda52d-28c9-4080-a241-c1c03c2e031d,2022-07-11T00:19:23.119Z,2022-07-15T04:49:35.000Z,me@kylekovach.com,COLD_0005,COLD_0005,7/10/2022,16:14:29,67.254208,-150.184093,5,7462472,621462,5W,Mixed Species Patch Tree/Shrub,0,0 - 10%,0 - 10%,50 - 75%,N/A,N/A,25 - 50%,N/A,N/A,50 - 75%,,N/A,,N/A,,N/A,,N/A,,N/A,b2fa7d19-fceb-480d-9061-c3dd559f54a0_1657498626.jpg,b2fa7d19-fceb-480d-9061-c3dd559f54a0_1657498649.jpg,b2fa7d19-fceb-480d-9061-c3dd559f54a0_1657498682.jpg,b2fa7d19-fceb-480d-9061-c3dd559f54a0_1657498708.jpg,b2fa7d19-fceb-480d-9061-c3dd559f54a0_1657498730.jpg,b2fa7d19-fceb-480d-9061-c3dd559f54a0_1657500316.jpg,
133adc02-33ca-4749-aee9-a652f42bde73,e9cda52d-28c9-4080-a241-c1c03c2e031d,2022-07-10T22:21:27.005Z,2022-08-17T22:08:37.000Z,me@kylekovach.com,COLD_0004,COLD_0004,7/10/2022,14:08:51,67.397971,-150.091256,4,7478669,624714,5W,Mixed Species Box Tree/Shrub and Ground,2,0 - 10%,10 - 25%,25 - 50%,10 - 25%,10 - 25%,0 - 10%,N/A,N/A,50 - 75%,Moss,25 - 50%,Caribou lichen,10 - 25%,Chamaedaphne calculata? (Forb),10 - 25%,,N/A,,N/A,133adc02-33ca-4749-aee9-a652f42bde73_1657491601.jpg,133adc02-33ca-4749-aee9-a652f42bde73_1657491621.jpg,133adc02-33ca-4749-aee9-a652f42bde73_1657491640.jpg,133adc02-33ca-4749-aee9-a652f42bde73_1657491657.jpg,133adc02-33ca-4749-aee9-a652f42bde73_1657491668.jpg,,
507b69b3-bb75-49c4-8a22-5b4b81427c99,e9cda52d-28c9-4080-a241-c1c03c2e031d,2022-07-10T21:49:50.945Z,2022-07-15T04:49:06.000Z,me@kylekovach.com,COLD_0003,COLD_0003,7/10/2022,13:44:06,67.397841,-150.090352,5,7478656,624753,5W,Mixed Species Patch Tree/Shrub,0,N/A,0 - 10%,0 - 10%,N/A,N/A,75 - 90%,0 - 10%,0 - 10%,0 - 10%,,N/A,,N/A,,N/A,,N/A,,N/A,507b69b3-bb75-49c4-8a22-5b4b81427c99_1657489624.jpg,507b69b3-bb75-49c4-8a22-5b4b81427c99_1657489655.jpg,507b69b3-bb75-49c4-8a22-5b4b81427c99_1657489688.jpg,507b69b3-bb75-49c4-8a22-5b4b81427c99_1657489712.jpg,507b69b3-bb75-49c4-8a22-5b4b81427c99_1657489737.jpg,507b69b3-bb75-49c4-8a22-5b4b81427c99_1657490081.jpg,
33441c6a-0889-409c-bbae-8755174f4cce,e9cda52d-28c9-4080-a241-c1c03c2e031d,2022-07-10T21:16:01.818Z,2022-07-15T04:48:53.000Z,me@kylekovach.com,COLD_0002,COLD_0002,7/10/2022,12:44:26,67.398922,-150.094001,4,7478769,624591,5W,Mixed Species Box Ground,4,0 - 10%,0 - 10%,10 - 25%,0 - 10%,0 - 10%,10 - 25%,N/A,0 - 10%,75 - 90%,Big shrub,0 - 10%,Spruce,0 - 10%,Rosemary,0 - 10%,Little spikey,0 - 10%,Caribou lichen,0 - 10%,33441c6a-0889-409c-bbae-8755174f4cce_1657487624.jpg,33441c6a-0889-409c-bbae-8755174f4cce_1657487646.jpg,33441c6a-0889-409c-bbae-8755174f4cce_1657487669.jpg,33441c6a-0889-409c-bbae-8755174f4cce_1657487685.jpg,33441c6a-0889-409c-bbae-8755174f4cce_1657487709.jpg,33441c6a-0889-409c-bbae-8755174f4cce_1657487742.jpg,
824be087-d76b-46ad-a03d-3b7fea2245f6,e9cda52d-28c9-4080-a241-c1c03c2e031d,2022-07-10T19:32:19.503Z,2022-08-17T22:08:45.000Z,me@kylekovach.com,COLD_0001,COLD_0001,7/10/2022,11:05:27,67.461144,-150.028567,5,7485832,627063,5W,Mixed Species Box Ground,4,0 - 10%,0 - 10%,10 - 25%,0 - 10%,25 - 50%,25 - 50%,N/A,25 - 50%,50 - 75%,Willow,25 - 50%,Sheherdia canadensis,10 - 25%,,N/A,,N/A,,N/A,824be087-d76b-46ad-a03d-3b7fea2245f6_1657481455.jpg,824be087-d76b-46ad-a03d-3b7fea2245f6_1657481470.jpg,824be087-d76b-46ad-a03d-3b7fea2245f6_1657481490.jpg,824be087-d76b-46ad-a03d-3b7fea2245f6_1657481503.jpg,824be087-d76b-46ad-a03d-3b7fea2245f6_1657481518.jpg,824be087-d76b-46ad-a03d-3b7fea2245f6_1657481864.jpg,
f15bcde5-82fe-4c86-862d-69cc0aa8d596,e9cda52d-28c9-4080-a241-c1c03c2e031d,2022-07-10T18:28:45.908Z,2022-07-15T04:48:19.000Z,me@kylekovach.com,COLD_0000,COLD_0000,7/10/2022,10:19:55,67.461111,-150.02923,5,7485827,627034,5W,Mixed Species Patch Tree/Shrub,0,0 - 10%,10 - 25%,N/A,N/A,0 - 10%,25 - 50%,N/A,0 - 10%,50 - 75%,,N/A,,N/A,,N/A,,N/A,,N/A,f15bcde5-82fe-4c86-862d-69cc0aa8d596_1657477543.jpg,f15bcde5-82fe-4c86-862d-69cc0aa8d596_1657477575.jpg,f15bcde5-82fe-4c86-862d-69cc0aa8d596_1657477597.jpg,f15bcde5-82fe-4c86-862d-69cc0aa8d596_1657477608.jpg,f15bcde5-82fe-4c86-862d-69cc0aa8d596_1657477633.jpg,f15bcde5-82fe-4c86-862d-69cc0aa8d596_1657477646.jpg,
ae67d28c-a8fc-49c4-9b51-a386b8be0f10,a7d6e722-4732-465d-82ab-56f9bfaeb348,2022-07-08T22:44:27.349Z,2022-07-09T03:13:25.000Z,me@kylekovach.com,FAIR_0003,FAIR_0003,7/8/2022,14:43:05,,,,,,,Single Species Patch Tree/Shrub,0,N/A,N/A,N/A,N/A,N/A,N/A,N/A,N/A,N/A,,N/A,,N/A,,N/A,,N/A,,N/A,,,,,,,Sunlit side of canopy
b6c08bc5-837d-4db9-a335-b8c1b92b352c,a7d6e722-4732-465d-82ab-56f9bfaeb348,2022-07-08T22:14:20.804Z,2022-07-09T03:13:19.000Z,me@kylekovach.com,FAIR_0002,FAIR_0002,7/8/2022,13:56:51,65.145927,-147.471822,5,7224800,477872,6W,Single Species Patch Tree/Shrub,0,N/A,N/A,N/A,N/A,N/A,75 - 90%,N/A,N/A,25 - 50%,,N/A,,N/A,,N/A,,N/A,,N/A,,,,,,,Quick sample grab off big patch on side
39df354d-b6ba-4f51-a657-5cdcd2d6192c,a7d6e722-4732-465d-82ab-56f9bfaeb348,2022-07-08T21:03:41.763Z,2022-07-09T03:13:05.000Z,me@kylekovach.com,FAIR_0001,FAIR_0001,7/8/2022,12:41:25,65.157074,-147.487544,5,7226048,477144,6W,Mixed Species Box Tree/Shrub and Ground,1,N/A,25 - 50%,10 - 25%,0 - 10%,25 - 50%,25 - 50%,N/A,10 - 25%,50 - 75%,Forb1,10 - 25%,Shrub1,0 - 10%,Shrub2,0 - 10%,Forb 2,10 - 25%,,N/A,39df354d-b6ba-4f51-a657-5cdcd2d6192c_1657314067.jpg,39df354d-b6ba-4f51-a657-5cdcd2d6192c_1657314096.jpg,39df354d-b6ba-4f51-a657-5cdcd2d6192c_1657314121.jpg,39df354d-b6ba-4f51-a657-5cdcd2d6192c_1657314143.jpg,39df354d-b6ba-4f51-a657-5cdcd2d6192c_1657314202.jpg,,
d4aa75ef-9712-483e-9baf-e694072adde2,a7d6e722-4732-465d-82ab-56f9bfaeb348,2022-07-07T23:13:49.614Z,2022-07-08T05:58:11.000Z,me@kylekovach.com,FAIR_0000,FAIR_0000,7/7/2022,14:59:51,65.156259,-147.492735,5,7225959,476900,6W,Mixed Species Box Tree/Shrub and Ground,1,0 - 10%,0 - 10%,10 - 25%,0 - 10%,10 - 25%,0 - 10%,N/A,N/A,90 - 100%,Sedge 1,75 - 90%,,N/A,,N/A,,N/A,,N/A,d4aa75ef-9712-483e-9baf-e694072adde2_1657235360.jpg,d4aa75ef-9712-483e-9baf-e694072adde2_1657235398.jpg,d4aa75ef-9712-483e-9baf-e694072adde2_1657235440.jpg,d4aa75ef-9712-483e-9baf-e694072adde2_1657235451.jpg,,d4aa75ef-9712-483e-9baf-e694072adde2_1657235511.jpg,
2ed31732-48af-4333-8d4f-4587fc8071ba,9e249cbc-4caa-460f-aa69-a988418e3132,2021-07-25T11:00:24.629Z,2021-07-27T07:37:17.000Z,ptownsend@wisc.edu,162,162,7/25/2021,10:58:20,65.645392,-16.910131,17,7281720,412114,28W,,0,10 - 25%,0 - 10%,,,0 - 10%,10 - 25%,0 - 10%,25 - 50%,75 - 90%,,,,,,,,,,,2ed31732-48af-4333-8d4f-4587fc8071ba_1627210765.jpg,2ed31732-48af-4333-8d4f-4587fc8071ba_1627210773.jpg,2ed31732-48af-4333-8d4f-4587fc8071ba_1627210795.jpg,2ed31732-48af-4333-8d4f-4587fc8071ba_1627210784.jpg,,,Larch tall 15 m no understory some grass
0751920c-844b-4f82-bd7c-1eb320c34473,4b67a8c6-5890-452d-8e7d-312ea2b49070,2021-07-23T17:09:44.864Z,2021-07-27T07:37:13.000Z,ptownsend@wisc.edu,156,156,7/23/2021,17:04:24,65.608006,-16.900894,10,7277541,412413,28W,,0,0 - 10%,10 - 25%,0 - 10%,0 - 10%,50 - 75%,0 - 10%,0 - 10%,0 - 10%,90 - 100%,,,,,,,,,,,0751920c-844b-4f82-bd7c-1eb320c34473_1627059960.jpg,0751920c-844b-4f82-bd7c-1eb320c34473_1627059975.jpg,0751920c-844b-4f82-bd7c-1eb320c34473_1627059984.jpg,0751920c-844b-4f82-bd7c-1eb320c34473_1627059993.jpg,0751920c-844b-4f82-bd7c-1eb320c34473_1627060031.jpg,,Bepu woodland 4-6 m tall 50- 75 canopy cover with dense shrub layer and ground layer   Took 4 ground photos on photo roll. Estimated ground cover in notebook.   Note Bepu is prominent in understory too
62bfb598-e1ba-4fbf-af8d-7290ecfdcdbc,4b67a8c6-5890-452d-8e7d-312ea2b49070,2021-07-23T16:11:56.402Z,2021-07-27T07:37:11.000Z,ptownsend@wisc.edu,155,155,7/23/2021,16:06:44,65.586268,-16.848667,6,7275048,414748,28W,,0,0 - 10%,25 - 50%,0 - 10%,0 - 10%,50 - 75%,0 - 10%,N/A,0 - 10%,90 - 100%,,,,,,,,,,,62bfb598-e1ba-4fbf-af8d-7290ecfdcdbc_1627056521.jpg,62bfb598-e1ba-4fbf-af8d-7290ecfdcdbc_1627056527.jpg,62bfb598-e1ba-4fbf-af8d-7290ecfdcdbc_1627056532.jpg,62bfb598-e1ba-4fbf-af8d-7290ecfdcdbc_1627056539.jpg,62bfb598-e1ba-4fbf-af8d-7290ecfdcdbc_1627056569.jpg,,"BEPU woodland with 50-75 cover, and understory 75-90 see notes for cover estimates. Significant midstory SALA.  TOok 4 down pics on photo roll."
7efae6b8-43ff-4224-a71c-995b1ad6b077,4b67a8c6-5890-452d-8e7d-312ea2b49070,2021-07-23T12:47:56.288Z,2021-07-27T07:37:09.000Z,ptownsend@wisc.edu,152,152,7/23/2021,12:44:36,65.522969,-16.852641,10,7268000,414357,28W,,0,,10 - 25%,,,,,,,,,,,,,,,,,,7efae6b8-43ff-4224-a71c-995b1ad6b077_1627044305.jpg,7efae6b8-43ff-4224-a71c-995b1ad6b077_1627044314.jpg,7efae6b8-43ff-4224-a71c-995b1ad6b077_1627044323.jpg,7efae6b8-43ff-4224-a71c-995b1ad6b077_1627044333.jpg,7efae6b8-43ff-4224-a71c-995b1ad6b077_1627044351.jpg,,1.5 to 2 m Bepu thicket
2e6a7035-ac81-4cb3-b7c3-0c7955dc1b5c,4b67a8c6-5890-452d-8e7d-312ea2b49070,2021-07-23T11:01:00.215Z,2021-07-27T07:37:07.000Z,ptownsend@wisc.edu,149,149,7/23/2021,10:54:34,65.519262,-16.855217,8,7267591,414225,28W,,0,25 - 50%,75 - 90%,0 - 10%,0 - 10%,25 - 50%,10 - 25%,,0 - 10%,75 - 90%,,,,,,,,,,,2e6a7035-ac81-4cb3-b7c3-0c7955dc1b5c_1627037752.jpg,2e6a7035-ac81-4cb3-b7c3-0c7955dc1b5c_1627037766.jpg,2e6a7035-ac81-4cb3-b7c3-0c7955dc1b5c_1627037776.jpg,2e6a7035-ac81-4cb3-b7c3-0c7955dc1b5c_1627037784.jpg,2e6a7035-ac81-4cb3-b7c3-0c7955dc1b5c_1627037959.jpg,,Complex plot. Birch woodland with 50-75 cover but 75-90 understory and many species. Please see photo roll for  ground pictures. Estimates of cover in notebook.
a5e268d4-d86a-4aea-9eb8-46218444fbb7,94b7e7b5-30cc-44fd-b02b-5c703fe0f726,2021-07-22T09:59:10.283Z,2021-07-27T07:37:01.000Z,ptownsend@wisc.edu,145,145,7/22/2021,9:53:26,65.640093,-16.876395,10,7281082,413648,28W,,0,25 - 50%,0 - 10%,N/A,,10 - 25%,25 - 50%,N/A,0 - 10%,75 - 90%,,,,,,,,,,,a5e268d4-d86a-4aea-9eb8-46218444fbb7_1626947723.jpg,a5e268d4-d86a-4aea-9eb8-46218444fbb7_1626947746.jpg,a5e268d4-d86a-4aea-9eb8-46218444fbb7_1626947761.jpg,a5e268d4-d86a-4aea-9eb8-46218444fbb7_1626947781.jpg,a5e268d4-d86a-4aea-9eb8-46218444fbb7_1626947860.jpg,,"Larch taller and denser than last one, trees up to 15 m most 10-12, proj cover 75-90  some Bepu prob 10% at most"
bb044bae-bf12-47ff-8db2-464b96025d7f,94b7e7b5-30cc-44fd-b02b-5c703fe0f726,2021-07-22T09:37:14.212Z,2021-07-27T07:36:59.000Z,ptownsend@wisc.edu,144,144,7/22/2021,9:32:00,65.640666,-16.876138,8,7281146,413662,28W,,0,N/A,N/A,N/A,N/A,0 - 10%,75 - 90%,0 - 10%,50 - 75%,50 - 75%,,,,,,,,,,,bb044bae-bf12-47ff-8db2-464b96025d7f_1626946423.jpg,bb044bae-bf12-47ff-8db2-464b96025d7f_1626946446.jpg,bb044bae-bf12-47ff-8db2-464b96025d7f_1626946474.jpg,bb044bae-bf12-47ff-8db2-464b96025d7f_1626946462.jpg,bb044bae-bf12-47ff-8db2-464b96025d7f_1626946560.jpg,,"Larch 50-75% projected cover closer to 75. 8 m tall, some BEPU"
144879ed-5055-4f91-8801-faa37cd3656e,80314e47-aaf8-41b5-88db-7a87159ffbb4,2021-07-20T13:10:58.130Z,2021-07-20T19:27:04.000Z,ptownsend@wisc.edu,4,4,7/20/2021,12:46:08,65.659369,-17.180112,9,7283681,399750,28W,,0,10 - 25%,0 - 10%,0 - 10%,0 - 10%,75 - 90%,0 - 10%,N/A,0 - 10%,90 - 100%,,,,,,,,,,,,,,,,,Salic patch with a lot of BENA and VAUL
4532761e-f810-4b5a-b855-6afefdf4aa2c,80314e47-aaf8-41b5-88db-7a87159ffbb4,2021-07-20T12:10:31.618Z,2021-07-20T19:27:02.000Z,ptownsend@wisc.edu,3,3,7/20/2021,12:08:30,65.660726,-17.180974,7,7283833,399715,28W,,0,10 - 25%,10 - 25%,0 - 10%,0 - 10%,25 - 50%,0 - 10%,N/A,0 - 10%,90 - 100%,,,,,,,,,,,,,,,,,Lost gps
57e8a60b-f0e1-403b-9fa6-eadce68b5b8c,80314e47-aaf8-41b5-88db-7a87159ffbb4,2021-07-20T11:25:42.550Z,2021-07-20T19:27:01.000Z,ptownsend@wisc.edu,2,2,7/20/2021,11:23:03,65.659735,-17.180986,34,7283723,399711,28W,,0,0 - 10%,10 - 25%,0 - 10%,0 - 10%,N/A,10 - 25%,N/A,0 - 10%,75 - 90%,,,,,,,,,,,,,,,,,Birch woodland
4d381fcf-4044-4c29-afed-cadfb1688bda,52f7937f-c7fa-4ae4-b8b1-7cd0f2095f5a,2021-07-20T08:22:11.283Z,2021-07-20T19:26:57.000Z,ptownsend@wisc.edu,X,X,7/20/2021,8:21:41,65.565555,-17.028197,65,7272995,406396,28W,,0,,N/A,,,,,,,,,,,,,,,,,,,,,,,,
